"","University/Company","Position Title","Date"
"1","<a href=""http://www.stat.ufl.edu/jobs/job.php?id=9086"" target=""_blank"">University of Utah</a>","Biostatistician II","04/20/2016"
"2","<a href=""http://www.stat.ufl.edu/jobs/job.php?id=9084"" target=""_blank"">Stanford University</a>","Biostatistician","04/20/2016"
"3","<a href=""http://www.stat.ufl.edu/jobs/job.php?id=9080"" target=""_blank"">UConn Health, Center for Quantitate Medicine</a>","Postdoctoral Research Fellow","04/20/2016"
"4","<a href=""http://www.stat.ufl.edu/jobs/job.php?id=9071"" target=""_blank"">Univesity of Mississippi Medical Center</a>","Biostatistician III","04/20/2016"
"5","<a href=""http://www.stat.ufl.edu/jobs/job.php?id=9073"" target=""_blank"">Univesity of Mississippi Medical Center</a>","Biostatistician II","04/20/2016"
"6","<a href=""http://www.stat.ufl.edu/jobs/job.php?id=9075"" target=""_blank"">University of Mississippi Medical Center</a>","Biostatistician I","04/20/2016"
"7","<a href=""http://www.stat.ufl.edu/jobs/job.php?id=9069"" target=""_blank"">Johns Hopkins Bloomberg School of Public Health</a>","Web Writer","04/20/2016"
"8","<a href=""http://www.stat.ufl.edu/jobs/job.php?id=9064"" target=""_blank"">VHA, Seattle ERIC</a>","Health Research Biostatistician","04/18/2016"
"9","<a href=""http://www.stat.ufl.edu/jobs/job.php?id=9060"" target=""_blank"">University of Connecticut</a>","Research Associate 1 or 2, Health IT, School of Nursing","04/18/2016"
"10","<a href=""http://www.stat.ufl.edu/jobs/job.php?id=9057"" target=""_blank"">University of Nebraska Lincoln</a>","Post-doctoral research associate","04/18/2016"
"11","<a href=""http://www.stat.ufl.edu/jobs/job.php?id=9049"" target=""_blank"">University of Connecticut</a>","Postdoctoral Research Fellow","04/18/2016"
"12","<a href=""http://www.stat.ufl.edu/jobs/job.php?id=9043"" target=""_blank"">AbbVie, Inc.</a>","Senior Scientific Position, Exploratory Statistics","04/18/2016"
"13","<a href=""http://www.stat.ufl.edu/jobs/job.php?id=9041"" target=""_blank"">AbbVie, Inc.</a>","Senior Scientific Position, Exploratory Statistics","04/18/2016"
"14","<a href=""http://www.stat.ufl.edu/jobs/job.php?id=9046"" target=""_blank"">University of Connecticut</a>","Postdoctoral Research Fellow","04/18/2016"
"15","<a href=""http://www.stat.ufl.edu/jobs/job.php?id=9037"" target=""_blank"">Johns Hopkins Bloomberg School of Public Health</a>","Postdoctoral Trainee","04/18/2016"
"16","<a href=""http://www.stat.ufl.edu/jobs/job.php?id=9035"" target=""_blank"">Fred Hutchinson Cancer Research Center</a>","Postdoctoral Fellow","04/18/2016"
"17","<a href=""http://www.stat.ufl.edu/jobs/job.php?id=9032"" target=""_blank"">FLORIDA INTERNATIONAL UNIVERSITY</a>","ASSOCIATE/FULL PROFESSOR/CHAIR POSITION","04/15/2016"
"18","<a href=""http://www.stat.ufl.edu/jobs/job.php?id=9019"" target=""_blank"">University of Chicago</a>","Postdoctoral Scholar in Computational Genomics","04/15/2016"
"19","<a href=""http://www.stat.ufl.edu/jobs/job.php?id=9017"" target=""_blank"">National Eye Institute</a>","Research trainee","04/15/2016"
"20","<a href=""http://www.stat.ufl.edu/jobs/job.php?id=9015"" target=""_blank"">NEI</a>","Postdoc","04/15/2016"
"21","<a href=""http://www.stat.ufl.edu/jobs/job.php?id=8999"" target=""_blank"">The University of Texas Medical Branch</a>","Research Scientist II","04/15/2016"
"22","<a href=""http://www.stat.ufl.edu/jobs/job.php?id=8996"" target=""_blank"">The University of Texas Medical Branch</a>","Biostatistician II","04/15/2016"
"23","<a href=""http://www.stat.ufl.edu/jobs/job.php?id=8994"" target=""_blank"">University of Tennessee</a>","Postdoctoral Fellow","04/15/2016"
"24","<a href=""http://www.stat.ufl.edu/jobs/job.php?id=8992"" target=""_blank"">Emory University</a>","Postdoctoral Fellow","04/15/2016"
"25","<a href=""http://www.stat.ufl.edu/jobs/job.php?id=8986"" target=""_blank"">Temple University</a>","Full-Time Non-Tenure or Part-Time Adjunct Position","04/15/2016"
"26","<a href=""http://www.stat.ufl.edu/jobs/job.php?id=8990"" target=""_blank"">The University of California, San Francisco</a>","Data Analyst","04/14/2016"
"27","<a href=""http://www.stat.ufl.edu/jobs/job.php?id=8988"" target=""_blank"">The University of California, San Francisco</a>","Data Analyst","04/14/2016"
"28","<a href=""http://www.stat.ufl.edu/jobs/job.php?id=8984"" target=""_blank"">MD Anderson cancer center</a>","Postdoc Computational Clinical Cancer Genomics","04/14/2016"
"29","<a href=""http://www.stat.ufl.edu/jobs/job.php?id=8982"" target=""_blank"">University of the Sciences</a>","Assistant Professor Statistics","04/14/2016"
"30","<a href=""http://www.stat.ufl.edu/jobs/job.php?id=8978"" target=""_blank"">Villanova University</a>","Continuing Non-Tenure Track Assistant Professor","04/14/2016"
"31","<a href=""http://www.stat.ufl.edu/jobs/job.php?id=8975"" target=""_blank"">Univeristy of California, Davis</a>","Visiting Assistant Professor","04/14/2016"
"32","<a href=""http://www.stat.ufl.edu/jobs/job.php?id=8973"" target=""_blank"">Univeristy of California, Davis</a>","Assistant Professor","04/14/2016"
"33","<a href=""http://www.stat.ufl.edu/jobs/job.php?id=8971"" target=""_blank"">Gilead Sciences</a>","Statistical Programmer II","04/14/2016"
"34","<a href=""http://www.stat.ufl.edu/jobs/job.php?id=8969"" target=""_blank"">Gilead Sciences, Inc</a>","Senior Manager, Biostatistics (Liver)","04/14/2016"
"35","<a href=""http://www.stat.ufl.edu/jobs/job.php?id=8967"" target=""_blank"">Boston University</a>","DATA ANALYST I","04/14/2016"
"36","<a href=""http://www.stat.ufl.edu/jobs/job.php?id=8965"" target=""_blank"">FDA Center for Veterinary Medicine</a>","Mathematical Statistician Staff Fellow","04/14/2016"
"37","<a href=""http://www.stat.ufl.edu/jobs/job.php?id=8963"" target=""_blank"">Fudan University, School of Data Science</a>","Assistant/Associate/Full Professors","04/14/2016"
"38","<a href=""http://www.stat.ufl.edu/jobs/job.php?id=8961"" target=""_blank"">National University of Singapore</a>","postdoc (mathematics and data analysis)","04/12/2016"
"39","<a href=""http://www.stat.ufl.edu/jobs/job.php?id=8959"" target=""_blank"">National University of Singapore</a>","postdoc (mathematics and data analysis)","04/12/2016"
"40","<a href=""http://www.stat.ufl.edu/jobs/job.php?id=8957"" target=""_blank"">Dana Farber Cancer Institute</a>","Assoc Dir for Scientific Operations","04/12/2016"
"41","<a href=""http://www.stat.ufl.edu/jobs/job.php?id=8952"" target=""_blank"">National Institutes of Health</a>","Post Doctoral Fellow (NLP/Text Mining)","04/11/2016"
"42","<a href=""http://www.stat.ufl.edu/jobs/job.php?id=8948"" target=""_blank"">University of Washington Dept. of Biostatistics</a>","Post Doctoral Senior Fellow.","04/11/2016"
"43","<a href=""http://www.stat.ufl.edu/jobs/job.php?id=8950"" target=""_blank"">University of Pennsylvania</a>","BIOSTATISTICIAN","04/11/2016"
"44","<a href=""http://www.stat.ufl.edu/jobs/job.php?id=8938"" target=""_blank"">Recruiting Services International</a>","Director of Biostatistics","04/11/2016"
"45","<a href=""http://www.stat.ufl.edu/jobs/job.php?id=8940"" target=""_blank"">University of Oslo, Norway</a>","Two Postdocs","04/11/2016"
"46","<a href=""http://www.stat.ufl.edu/jobs/job.php?id=8942"" target=""_blank"">The University of Science and Technology of China</a>","Professor /Associate Professor/Assistant Professor","04/11/2016"
"47","<a href=""http://www.stat.ufl.edu/jobs/job.php?id=8936"" target=""_blank"">Recruiting Services International</a>","Director of Statistics and Data Management","04/11/2016"
"48","<a href=""http://www.stat.ufl.edu/jobs/job.php?id=8932"" target=""_blank"">Duke Clinical Research Institute</a>","Associate Director of Statistics","04/08/2016"
"49","<a href=""http://www.stat.ufl.edu/jobs/job.php?id=8927"" target=""_blank"">Intermountain Healthcare</a>","Senior Technical Data Analyst","04/08/2016"
"50","<a href=""http://www.stat.ufl.edu/jobs/job.php?id=8925"" target=""_blank"">Intermountain Healthcare</a>","Data Analytics Manager","04/08/2016"
"51","<a href=""http://www.stat.ufl.edu/jobs/job.php?id=8911"" target=""_blank"">The University of Texas Medical Branch</a>","T32 Postdoctoral Fellowship","04/08/2016"
"52","<a href=""http://www.stat.ufl.edu/jobs/job.php?id=8913"" target=""_blank"">University of Texas Medical Branch (UTMB)</a>","Assistant Professor in Women's Health","04/08/2016"
"53","<a href=""http://www.stat.ufl.edu/jobs/job.php?id=8907"" target=""_blank"">University of Miami</a>","ASSOCIATE PROFESSOR","04/08/2016"
"54","<a href=""http://www.stat.ufl.edu/jobs/job.php?id=8905"" target=""_blank"">University of Miami</a>","ASSISTANT PROFESSOR","04/08/2016"
"55","<a href=""http://www.stat.ufl.edu/jobs/job.php?id=8885"" target=""_blank"">The University of Michigan</a>","Postdoctoral Research fellowship","04/07/2016"
"56","<a href=""http://www.stat.ufl.edu/jobs/job.php?id=8883"" target=""_blank"">Virtual Pediatric Systems, LLC</a>","Biostatistician","04/07/2016"
"57","<a href=""http://www.stat.ufl.edu/jobs/job.php?id=8881"" target=""_blank"">St. Jude Children’s Research Hospital</a>","multiple open rank faculty positions","04/07/2016"
"58","<a href=""http://www.stat.ufl.edu/jobs/job.php?id=8879"" target=""_blank"">University of California, Irvine</a>","Full-Time Lecturer","04/07/2016"
"59","<a href=""http://www.stat.ufl.edu/jobs/job.php?id=8877"" target=""_blank"">Duke Clinical Research Institute</a>","BIOSTATISTICIAN III, Statistics","04/07/2016"
"60","<a href=""http://www.stat.ufl.edu/jobs/job.php?id=8875"" target=""_blank"">BioStat Solutions, Inc. (BSSI)</a>","Statistical Analyst III","04/07/2016"
"61","<a href=""http://www.stat.ufl.edu/jobs/job.php?id=8872"" target=""_blank"">University of Tennessee</a>","Postdoctoral scholar","04/07/2016"
"62","<a href=""http://www.stat.ufl.edu/jobs/job.php?id=8866"" target=""_blank"">University of Idaho</a>","Postdoctoral Fellowship Position","04/07/2016"
"63","<a href=""http://www.stat.ufl.edu/jobs/job.php?id=8849"" target=""_blank"">Celmatix Inc.</a>","Senior Data Scientist","04/07/2016"
"64","<a href=""http://www.stat.ufl.edu/jobs/job.php?id=8847"" target=""_blank"">Virginia Tech</a>","Director of Statistical Collaboration/Consulting and Outreach","04/07/2016"
"65","<a href=""http://www.stat.ufl.edu/jobs/job.php?id=8845"" target=""_blank"">Intermountain Healthcare</a>","Senior Statistical Data Analyst","04/07/2016"
"66","<a href=""http://www.stat.ufl.edu/jobs/job.php?id=8832"" target=""_blank"">The University of Chicago</a>","Research Associate (open rank)","04/07/2016"
"67","<a href=""http://www.stat.ufl.edu/jobs/job.php?id=8828"" target=""_blank"">Oklahoma State University</a>","Visiting Assistant Professor","04/06/2016"
"68","<a href=""http://www.stat.ufl.edu/jobs/job.php?id=8826"" target=""_blank"">The EMMES Corporation</a>","PhD Biostatistician","04/06/2016"
"69","<a href=""http://www.stat.ufl.edu/jobs/job.php?id=8824"" target=""_blank"">University of Massachusetts Medical School</a>","Biostatistician","04/06/2016"
"70","<a href=""http://www.stat.ufl.edu/jobs/job.php?id=8822"" target=""_blank"">INDIANA UNIVERSITY</a>","Visiting Assistant Professor","04/06/2016"
"71","<a href=""http://www.stat.ufl.edu/jobs/job.php?id=8820"" target=""_blank"">University of Pennsylvania</a>","Biostatistician","04/06/2016"
"72","<a href=""http://www.stat.ufl.edu/jobs/job.php?id=8818"" target=""_blank"">University of Pennsylvania</a>","Data Analyst","04/06/2016"
"73","<a href=""http://www.stat.ufl.edu/jobs/job.php?id=8816"" target=""_blank"">Penn State University College of Medicine</a>","Postdoc Research Fellow","04/06/2016"
"74","<a href=""http://www.stat.ufl.edu/jobs/job.php?id=8814"" target=""_blank"">Cincinnati Children's Hospital Medical Center</a>","Postdoctoral Position","04/06/2016"
"75","<a href=""http://www.stat.ufl.edu/jobs/job.php?id=8812"" target=""_blank"">Roswell Park Cancer Insitute</a>","Senior Biostatistician","04/06/2016"
"76","<a href=""http://www.stat.ufl.edu/jobs/job.php?id=8810"" target=""_blank"">Roswell Park Cancer Insititute</a>","Senior Programmer/Analyst","04/06/2016"
"77","<a href=""http://www.stat.ufl.edu/jobs/job.php?id=8808"" target=""_blank"">University of Nevada, Reno</a>","Assistant Professor, Biostatistics","04/06/2016"
"78","<a href=""http://www.stat.ufl.edu/jobs/job.php?id=8806"" target=""_blank"">Health Research Inc. (HRI) Roswell Park Division</a>","Senior Biostatistician","04/06/2016"
"79","<a href=""http://www.stat.ufl.edu/jobs/job.php?id=8804"" target=""_blank"">Health Research Inc. (HRI) Roswell Park Division</a>","Senior Biostatistician","04/06/2016"
"80","<a href=""http://www.stat.ufl.edu/jobs/job.php?id=8802"" target=""_blank"">FDA Center for Veterinary Medicine</a>","Mathematical Statisticians Staff Fellow-2 Year Fellowship","04/05/2016"
"81","<a href=""http://www.stat.ufl.edu/jobs/job.php?id=8800"" target=""_blank"">FHI 360</a>","Lead Biostatistician","04/05/2016"
"82","<a href=""http://www.stat.ufl.edu/jobs/job.php?id=8798"" target=""_blank"">FHI 360</a>","Senior Lead Biostatistician","04/05/2016"
"83","<a href=""http://www.stat.ufl.edu/jobs/job.php?id=8796"" target=""_blank"">Temple University</a>","Full-Time Non-Tenure Track or Part-Time Adjunct","04/05/2016"
"84","<a href=""http://www.stat.ufl.edu/jobs/job.php?id=8794"" target=""_blank"">Boehringer Ingelheim</a>","Principal Biostatistician or Sr Principal Biostatistican","04/05/2016"
"85","<a href=""http://www.stat.ufl.edu/jobs/job.php?id=8787"" target=""_blank"">Tulane University</a>","Post-doctoral fellow","03/28/2016"
"86","<a href=""http://www.stat.ufl.edu/jobs/job.php?id=8789"" target=""_blank"">Farmers Business Network</a>","Data Scientist (SF Bay Area)","03/28/2016"
"87","<a href=""http://www.stat.ufl.edu/jobs/job.php?id=8772"" target=""_blank"">University of Michigan</a>","Research Fellow","03/25/2016"
"88","<a href=""http://www.stat.ufl.edu/jobs/job.php?id=8770"" target=""_blank"">Virginia Commonwelth University</a>","Postdoctoral Fellowships","03/25/2016"
"89","<a href=""http://www.stat.ufl.edu/jobs/job.php?id=8768"" target=""_blank"">Fred Hutchinson Cancer Research Center</a>","Post-Doctoral Research Fellow","03/25/2016"
"90","<a href=""http://www.stat.ufl.edu/jobs/job.php?id=8766"" target=""_blank"">BioStat Solutions, Inc. (BSSI)</a>","Statistician","03/25/2016"
"91","<a href=""http://www.stat.ufl.edu/jobs/job.php?id=8774"" target=""_blank"">Rutgers University</a>","Postdoctoral Researcher","03/25/2016"
"92","<a href=""http://www.stat.ufl.edu/jobs/job.php?id=8764"" target=""_blank"">BioStat Solutions, Inc. (BSSI)</a>","Statistical Geneticist","03/25/2016"
"93","<a href=""http://www.stat.ufl.edu/jobs/job.php?id=8746"" target=""_blank"">Johns Hopkins University</a>","Sr. Biostatistician / Sr. Quantitative Analyst","03/23/2016"
"94","<a href=""http://www.stat.ufl.edu/jobs/job.php?id=8750"" target=""_blank"">University of Alaska Anchorage</a>","Associate Professor of Biostatistics","03/23/2016"
"95","<a href=""http://www.stat.ufl.edu/jobs/job.php?id=8752"" target=""_blank"">University of Pennsylvania</a>","Data Analyst/Biostatistician Research","03/23/2016"
"96","<a href=""http://www.stat.ufl.edu/jobs/job.php?id=8754"" target=""_blank"">Univ. of Miami School of Medicine</a>","Sr. Research Associate","03/23/2016"
"97","<a href=""http://www.stat.ufl.edu/jobs/job.php?id=8743"" target=""_blank"">Gilead Sciences</a>","Manager, Biostatistics","03/21/2016"
"98","<a href=""http://www.stat.ufl.edu/jobs/job.php?id=8736"" target=""_blank"">Baylor College of Medicine</a>","Postdoctoral Associate","03/21/2016"
"99","<a href=""http://www.stat.ufl.edu/jobs/job.php?id=8722"" target=""_blank"">University of California, San Diego</a>","Postdoctoral Scholar","03/21/2016"
"100","<a href=""http://www.stat.ufl.edu/jobs/job.php?id=8728"" target=""_blank"">Beth Israel Deaconess Medical Center</a>","Faculty Statistician","03/21/2016"
"101","<a href=""http://www.stat.ufl.edu/jobs/job.php?id=8699"" target=""_blank"">Hi Fidelity Genetics</a>","Data Scientist","03/18/2016"
"102","<a href=""http://www.stat.ufl.edu/jobs/job.php?id=8697"" target=""_blank"">Hi Fidelity Genetics</a>","Data Scientist","03/18/2016"
"103","<a href=""http://www.stat.ufl.edu/jobs/job.php?id=8695"" target=""_blank"">Tulane University</a>","Post-doctoral fellow in Genomic Epidemiology","03/18/2016"
"104","<a href=""http://www.stat.ufl.edu/jobs/job.php?id=8693"" target=""_blank"">Harvard T.H. Chan School of Public Health</a>","Postdoctoral Research Position","03/18/2016"
"105","<a href=""http://www.stat.ufl.edu/jobs/job.php?id=8691"" target=""_blank"">Fred Hutchinson Cancer Research Center</a>","Ph.D. Level Biostatistician","03/18/2016"
"106","<a href=""http://www.stat.ufl.edu/jobs/job.php?id=8689"" target=""_blank"">Maxim Integrated Products</a>","Senior Managing Data Scientist","03/18/2016"
"107","<a href=""http://www.stat.ufl.edu/jobs/job.php?id=8687"" target=""_blank"">Geisel School of Medicine at Dartmouth</a>","Postdoctoral","03/18/2016"
"108","<a href=""http://www.stat.ufl.edu/jobs/job.php?id=8685"" target=""_blank"">Gilead Sciences, Inc</a>","Senior Biostatistician","03/18/2016"
"109","<a href=""http://www.stat.ufl.edu/jobs/job.php?id=8683"" target=""_blank"">University of Oslo</a>","Three post-doctoral research fellowships in biostatistics","03/18/2016"
"110","<a href=""http://www.stat.ufl.edu/jobs/job.php?id=8679"" target=""_blank"">National Institute of Environmental Health Sciences (NIH / NIEHS)</a>","Postdoctoral position","03/18/2016"
"111","<a href=""http://www.stat.ufl.edu/jobs/job.php?id=8677"" target=""_blank"">Precision for Medicine</a>","Biomarker Statistician","03/18/2016"
"112","<a href=""http://www.stat.ufl.edu/jobs/job.php?id=8675"" target=""_blank"">Precision for Medicine</a>","Manager, Biostatistics","03/18/2016"
"113","<a href=""http://www.stat.ufl.edu/jobs/job.php?id=8673"" target=""_blank"">Precision for Medicine</a>","Statistician","03/18/2016"
"114","<a href=""http://www.stat.ufl.edu/jobs/job.php?id=8670"" target=""_blank"">UT MD Anderson Cancer Center and Texas A&M University</a>","Postdoctoral Fellow","03/16/2016"
"115","<a href=""http://www.stat.ufl.edu/jobs/job.php?id=8667"" target=""_blank"">Fred Hutchinson Cancer Research Center</a>","Post-Doctoral Research Fellow","03/15/2016"
"116","<a href=""http://www.stat.ufl.edu/jobs/job.php?id=8662"" target=""_blank"">NINDS/NIH</a>","Postdoctoral Fellow","03/15/2016"
"117","<a href=""http://www.stat.ufl.edu/jobs/job.php?id=8644"" target=""_blank"">Columbia University</a>","Instrctional or Adjunct Faculty","03/14/2016"
"118","<a href=""http://www.stat.ufl.edu/jobs/job.php?id=8621"" target=""_blank"">University of Washington</a>","POSTDOCTORAL SENIOR FELLOWSHIP","03/14/2016"
"119","<a href=""http://www.stat.ufl.edu/jobs/job.php?id=8619"" target=""_blank"">Vanderbilt University School of Medicine</a>","Postdoctoral fellowship","03/14/2016"
"120","<a href=""http://www.stat.ufl.edu/jobs/job.php?id=8617"" target=""_blank"">Oregon Health & Science University</a>","Biostatistician","03/14/2016"
"121","<a href=""http://www.stat.ufl.edu/jobs/job.php?id=8615"" target=""_blank"">Oregon Health & Science University</a>","Postdoctoral Fellow","03/14/2016"
"122","<a href=""http://www.stat.ufl.edu/jobs/job.php?id=8613"" target=""_blank"">Oregon Health & Science University</a>","Postdoctoral Fellowship","03/14/2016"
"123","<a href=""http://www.stat.ufl.edu/jobs/job.php?id=8608"" target=""_blank"">University of Toronto</a>","Associate Professor","03/14/2016"
"124","<a href=""http://www.stat.ufl.edu/jobs/job.php?id=8606"" target=""_blank"">University of Michigan</a>","Post Doctoral Research Fellowship","03/14/2016"
"125","<a href=""http://www.stat.ufl.edu/jobs/job.php?id=8594"" target=""_blank"">University of Rhode Island</a>","Assistant Professor of Biostatistics","03/14/2016"
"126","<a href=""http://www.stat.ufl.edu/jobs/job.php?id=8592"" target=""_blank"">University of Washington, School of Medicine</a>","RESEARCH SCIENTIST/ENGINEER 3","03/14/2016"
"127","<a href=""http://www.stat.ufl.edu/jobs/job.php?id=8590"" target=""_blank"">University of Florida, Department of Biostatistics</a>","Postdoctoral Associate","03/14/2016"
"128","<a href=""http://www.stat.ufl.edu/jobs/job.php?id=8588"" target=""_blank"">Univ. of Miami School of Medicine</a>","Assistant Scientist (Bioinformatician)","03/14/2016"
"129","<a href=""http://www.stat.ufl.edu/jobs/job.php?id=8586"" target=""_blank"">Univ. of Miami School of Medicine</a>","Associate Scientist (Bioinformatician)","03/14/2016"
"130","<a href=""http://www.stat.ufl.edu/jobs/job.php?id=8610"" target=""_blank"">University of Washington Department of Biostatistics</a>","Post Doctoral Senior Fellow","03/11/2016"
"131","<a href=""http://www.stat.ufl.edu/jobs/job.php?id=8577"" target=""_blank"">Fred Hutchinson Cancer Research Center</a>","Post-Doctoral Research Fellow","03/11/2016"
"132","<a href=""http://www.stat.ufl.edu/jobs/job.php?id=8573"" target=""_blank"">Press Ganey</a>","Data Scientist","03/11/2016"
"133","<a href=""http://www.stat.ufl.edu/jobs/job.php?id=8571"" target=""_blank"">Harvard T.H. Chan School of Public Health</a>","Postdoctoral Research","03/11/2016"
"134","<a href=""http://www.stat.ufl.edu/jobs/job.php?id=8569"" target=""_blank"">Southwestern University of Finance and Economics</a>","Open-Rank (Asst/Assoc/Full)","03/11/2016"
"135","<a href=""http://www.stat.ufl.edu/jobs/job.php?id=8554"" target=""_blank"">University of Haifa, Israel</a>","Post-doctoral Research Fellow","03/11/2016"
"136","<a href=""http://www.stat.ufl.edu/jobs/job.php?id=8552"" target=""_blank"">Stanford University</a>","Biostatistician 2","03/10/2016"
"137","<a href=""http://www.stat.ufl.edu/jobs/job.php?id=8550"" target=""_blank"">University of Florida, Dept. of Biostatistics</a>","Associate or Full Professor","03/10/2016"
"138","<a href=""http://www.stat.ufl.edu/jobs/job.php?id=8548"" target=""_blank"">University of Pittsburgh</a>","Research Assistant Professor","03/10/2016"
"139","<a href=""http://www.stat.ufl.edu/jobs/job.php?id=8546"" target=""_blank"">Indiana University</a>","Postdoctoral Fellow","03/10/2016"
"140","<a href=""http://www.stat.ufl.edu/jobs/job.php?id=8537"" target=""_blank"">University of Mississippi</a>","Associate or Full Professor","03/10/2016"
"141","<a href=""http://www.stat.ufl.edu/jobs/job.php?id=8535"" target=""_blank"">University of Mississippi Medical Center</a>","Open rank faculty","03/09/2016"
"142","<a href=""http://www.stat.ufl.edu/jobs/job.php?id=8533"" target=""_blank"">University of Mississippi</a>","Associate Director of Data Management","03/09/2016"
"143","<a href=""http://www.stat.ufl.edu/jobs/job.php?id=8531"" target=""_blank"">University of Maryland School of Medicine</a>","Biostatistician","03/09/2016"
"144","<a href=""http://www.stat.ufl.edu/jobs/job.php?id=8529"" target=""_blank"">University of Pennsylvania</a>","Postdoctoral Position in Statistical Genetics","03/09/2016"
"145","<a href=""http://www.stat.ufl.edu/jobs/job.php?id=8527"" target=""_blank"">University of Maryland</a>","Postdoctoral fellow","03/09/2016"
"146","<a href=""http://www.stat.ufl.edu/jobs/job.php?id=8523"" target=""_blank"">Lancaster University</a>","Lecturer (Assistant Professor)","03/09/2016"
"147","<a href=""http://www.stat.ufl.edu/jobs/job.php?id=8521"" target=""_blank"">Northwestern University</a>","Postdoc","03/08/2016"
"148","<a href=""http://www.stat.ufl.edu/jobs/job.php?id=8517"" target=""_blank"">Dept of Statistics, Purdue Univ</a>","Postdoc Fellow in Big Data Theory","03/08/2016"
"149","<a href=""http://www.stat.ufl.edu/jobs/job.php?id=8515"" target=""_blank"">University of Miami Miller School of Medicine</a>","Postdoctoral Associate","03/08/2016"
"150","<a href=""http://www.stat.ufl.edu/jobs/job.php?id=8509"" target=""_blank"">Augusta University</a>","Postdoctoral Fellow","03/04/2016"
"151","<a href=""http://www.stat.ufl.edu/jobs/job.php?id=8506"" target=""_blank"">University of Colorado Anschutz Medical Campus</a>","Research Instructor","03/04/2016"
"152","<a href=""http://www.stat.ufl.edu/jobs/job.php?id=8504"" target=""_blank"">Medical University of South Carolina</a>","3-Year Post-Doctoral Position","03/04/2016"
"153","<a href=""http://www.stat.ufl.edu/jobs/job.php?id=8502"" target=""_blank"">Fred Hutchinson Cancer Research Center</a>","Postdoctoral Fellow","03/04/2016"
"154","<a href=""http://www.stat.ufl.edu/jobs/job.php?id=8500"" target=""_blank"">University of Connecticut</a>","Visiting Assistant Professor","03/04/2016"
"155","<a href=""http://www.stat.ufl.edu/jobs/job.php?id=8484"" target=""_blank"">Yale University</a>","Statistician Entry","03/03/2016"
"156","<a href=""http://www.stat.ufl.edu/jobs/job.php?id=8482"" target=""_blank"">Penn State University</a>","Visiting Research Associate/Assistant Professor","03/03/2016"
"157","<a href=""http://www.stat.ufl.edu/jobs/job.php?id=8480"" target=""_blank"">Oregon Health & Science University</a>","Associate Biostatistician","03/03/2016"
"158","<a href=""http://www.stat.ufl.edu/jobs/job.php?id=8476"" target=""_blank"">University of Minnesota</a>","Teaching Specialist or Lecturer","03/03/2016"
"159","<a href=""http://www.stat.ufl.edu/jobs/job.php?id=8449"" target=""_blank"">University of Miami</a>","Assistant Professor","03/01/2016"
"160","<a href=""http://www.stat.ufl.edu/jobs/job.php?id=8451"" target=""_blank"">University of Miami</a>","Associate Professor","03/01/2016"
"161","<a href=""http://www.stat.ufl.edu/jobs/job.php?id=8435"" target=""_blank"">University of Texas MD Anderson Cancer Center</a>","Postdoctoral fellow","02/29/2016"
"162","<a href=""http://www.stat.ufl.edu/jobs/job.php?id=8433"" target=""_blank"">University of Illinois at Urbana-Champaign</a>","Lecturer/Clinical Assistant Professor","02/29/2016"
"163","<a href=""http://www.stat.ufl.edu/jobs/job.php?id=8431"" target=""_blank"">U.S. Food and Drug Administration, CBER</a>","Mathematical Statistician","02/29/2016"
"164","<a href=""http://www.stat.ufl.edu/jobs/job.php?id=8429"" target=""_blank"">U.S. Food and Drug Administration, CBER</a>","Mathematical Statistician","02/29/2016"
"165","<a href=""http://www.stat.ufl.edu/jobs/job.php?id=8427"" target=""_blank"">U.S. Food and Drug Administration, CBER</a>","Mathematical Statistician","02/29/2016"
"166","<a href=""http://www.stat.ufl.edu/jobs/job.php?id=8414"" target=""_blank"">Univ. of Miami School of Medicine, Sylvester Comprehensive Cancer Center</a>","Associate Scientist (Bioinformatician)","02/29/2016"
"167","<a href=""http://www.stat.ufl.edu/jobs/job.php?id=8416"" target=""_blank"">Univ. of Miami School of Medicine, Sylvester Comprehensive Cancer Center</a>","Assistant Scientist","02/29/2016"
"168","<a href=""http://www.stat.ufl.edu/jobs/job.php?id=8418"" target=""_blank"">The University of Texas Health Science Center at Houston</a>","Tenure-Track Faculty Position","02/29/2016"
"169","<a href=""http://www.stat.ufl.edu/jobs/job.php?id=8402"" target=""_blank"">NYU School of Medicine</a>","Postdoctoral Fellow","02/25/2016"
"170","<a href=""http://www.stat.ufl.edu/jobs/job.php?id=8404"" target=""_blank"">The University of Texas</a>","Regional Campus Dean","02/25/2016"
"171","<a href=""http://www.stat.ufl.edu/jobs/job.php?id=8406"" target=""_blank"">Texas A&M Health Science Center School of Public Health</a>","Research Professor","02/25/2016"
"172","<a href=""http://www.stat.ufl.edu/jobs/job.php?id=8397"" target=""_blank"">University of Michigan</a>","Postdoctoral Fellow in Statistical Genetics","02/24/2016"
"173","<a href=""http://www.stat.ufl.edu/jobs/job.php?id=8379"" target=""_blank"">University of Massachusetts Medical School</a>","Biostatistician III","02/24/2016"
"174","<a href=""http://www.stat.ufl.edu/jobs/job.php?id=8381"" target=""_blank"">Northwestern University</a>","Biostatistician","02/24/2016"
"175","<a href=""http://www.stat.ufl.edu/jobs/job.php?id=8383"" target=""_blank"">Wayne State University</a>","Postdoctoral Fellow","02/24/2016"
"176","<a href=""http://www.stat.ufl.edu/jobs/job.php?id=8385"" target=""_blank"">The Hong Kong Polytechnic University</a>","Assistant Professor","02/24/2016"
"177","<a href=""http://www.stat.ufl.edu/jobs/job.php?id=8370"" target=""_blank"">Arbor Research Collaborative for Health</a>","Biostatistician, Research Scientist","02/23/2016"
"178","<a href=""http://www.stat.ufl.edu/jobs/job.php?id=8368"" target=""_blank"">After, Inc.</a>","Data Visualization Intern","02/23/2016"
"179","<a href=""http://www.stat.ufl.edu/jobs/job.php?id=8366"" target=""_blank"">After, Inc.</a>","Analyst/Sr. Analyst","02/23/2016"
"180","<a href=""http://www.stat.ufl.edu/jobs/job.php?id=8349"" target=""_blank"">Statistics Collaborative, Inc.</a>","Biostatistician","02/19/2016"
"181","<a href=""http://www.stat.ufl.edu/jobs/job.php?id=8351"" target=""_blank"">Emory University</a>","Postdoctoral Fellow","02/19/2016"
"182","<a href=""http://www.stat.ufl.edu/jobs/job.php?id=8346"" target=""_blank"">BioStat Solutions, Inc. (BSSI)</a>","Statistical Geneticist","02/19/2016"
"183","<a href=""http://www.stat.ufl.edu/jobs/job.php?id=8344"" target=""_blank"">BioStat Solutions, Inc. (BSSI)</a>","Statistician","02/19/2016"
"184","<a href=""http://www.stat.ufl.edu/jobs/job.php?id=8320"" target=""_blank"">Fred Hutchinson Cancer Research Center</a>","Post-Doctoral Research Fellow","02/19/2016"
"185","<a href=""http://www.stat.ufl.edu/jobs/job.php?id=8312"" target=""_blank"">Northwestern University</a>","Post-doctoral Research Fellow","02/19/2016"
"186","<a href=""http://www.stat.ufl.edu/jobs/job.php?id=8301"" target=""_blank"">University of Arkansas for Medical Sciences</a>","Research Associate","02/19/2016"
"187","<a href=""http://www.stat.ufl.edu/jobs/job.php?id=8299"" target=""_blank"">University of Arkansas for Medical Sciences</a>","Tenure-Track Assistant/Associate Professor","02/19/2016"
"188","<a href=""http://www.stat.ufl.edu/jobs/job.php?id=8297"" target=""_blank"">Montefiore Medical Center</a>","Data Manager","02/19/2016"
"189","<a href=""http://www.stat.ufl.edu/jobs/job.php?id=8295"" target=""_blank"">University of Texas Southwestern Medical Center</a>","Bioinformatics/Statistical analyst","02/19/2016"
"190","<a href=""http://www.stat.ufl.edu/jobs/job.php?id=8293"" target=""_blank"">University at Albany School of Public Health</a>","Assistant Professor","02/19/2016"
"191","<a href=""http://www.stat.ufl.edu/jobs/job.php?id=8291"" target=""_blank"">University of Chicago, Dept of Human Genetics</a>","Postdoctoral Research Associate","02/19/2016"
"192","<a href=""http://www.stat.ufl.edu/jobs/job.php?id=8287"" target=""_blank"">School of Data Science at Fudan University</a>","Assistant/Associate/Full Professors","02/17/2016"
"193","<a href=""http://www.stat.ufl.edu/jobs/job.php?id=8283"" target=""_blank"">Maxim Integrated Products</a>","Senior Data Scientist","02/17/2016"
"194","<a href=""http://www.stat.ufl.edu/jobs/job.php?id=8281"" target=""_blank"">University of Oslo</a>","Postdoc / assistant professor","02/17/2016"
"195","<a href=""http://www.stat.ufl.edu/jobs/job.php?id=8278"" target=""_blank"">Northwestern University</a>","Associate Professor in Quantitative Methodology","02/17/2016"
"196","<a href=""http://www.stat.ufl.edu/jobs/job.php?id=8264"" target=""_blank"">Minnesota State University, Mankato</a>","Fixed Term Statistics Instructor","02/15/2016"
"197","<a href=""http://www.stat.ufl.edu/jobs/job.php?id=8260"" target=""_blank"">National Institute of Child Health and Human Development</a>","Postdoctoral Fellow","02/15/2016"
"198","<a href=""http://www.stat.ufl.edu/jobs/job.php?id=8242"" target=""_blank"">Yale University</a>","Research Associate","02/12/2016"
"199","<a href=""http://www.stat.ufl.edu/jobs/job.php?id=8253"" target=""_blank"">The University of Texas MD Anderson Cancer Center</a>","Post-Doc","02/11/2016"
"200","<a href=""http://www.stat.ufl.edu/jobs/job.php?id=8244"" target=""_blank"">University of South Carolina</a>","Instructor of Statistics","02/10/2016"
"201","<a href=""http://www.stat.ufl.edu/jobs/job.php?id=8240"" target=""_blank"">Yale University</a>","Statistician, Entry","02/10/2016"
"202","<a href=""http://www.stat.ufl.edu/jobs/job.php?id=8238"" target=""_blank"">Yale University</a>","Programmer Analyst 2","02/10/2016"
"203","<a href=""http://www.stat.ufl.edu/jobs/job.php?id=8236"" target=""_blank"">Yale University</a>","Biostatistician","02/10/2016"
"204","<a href=""http://www.stat.ufl.edu/jobs/job.php?id=8234"" target=""_blank"">Yale University</a>","Statistician","02/10/2016"
"205","<a href=""http://www.stat.ufl.edu/jobs/job.php?id=8228"" target=""_blank"">Michigan State University</a>","One Year Fixed Term Teacing Specialist","02/10/2016"
"206","<a href=""http://www.stat.ufl.edu/jobs/job.php?id=8226"" target=""_blank"">University of Hawaii John A. Burns School of Medicine</a>","Ph.D & MS Biostatisticians","02/10/2016"
"207","<a href=""http://www.stat.ufl.edu/jobs/job.php?id=8200"" target=""_blank"">Texas A&M University  and MD Anderson Cancer Center</a>","Postdoctoral  Fellow","02/09/2016"
"208","<a href=""http://www.stat.ufl.edu/jobs/job.php?id=8198"" target=""_blank"">Dana-Farber Cancer Institue</a>","Postdoctoral Fellow","02/09/2016"
"209","<a href=""http://www.stat.ufl.edu/jobs/job.php?id=8202"" target=""_blank"">The College of Idaho</a>","Visiting Assistant Professor/Instructor in Mathematics","02/09/2016"
"210","<a href=""http://www.stat.ufl.edu/jobs/job.php?id=8208"" target=""_blank"">Precision for Medicine</a>","Manager, Biostatistics","02/09/2016"
"211","<a href=""http://www.stat.ufl.edu/jobs/job.php?id=8210"" target=""_blank"">Precision for Medicine</a>","Biomarker Statistician","02/09/2016"
"212","<a href=""http://www.stat.ufl.edu/jobs/job.php?id=8204"" target=""_blank"">Jaeb Center for Health Researc</a>","Biostatistician PHD","02/09/2016"
"213","<a href=""http://www.stat.ufl.edu/jobs/job.php?id=8212"" target=""_blank"">Precision for Medicine</a>","Statistician","02/09/2016"
"214","<a href=""http://www.stat.ufl.edu/jobs/job.php?id=8206"" target=""_blank"">The Ohio State University</a>","Associated Faculty / Data Analytics Program Specialist","02/09/2016"
"215","<a href=""http://www.stat.ufl.edu/jobs/job.php?id=8214"" target=""_blank"">Precision for Medicine</a>","Data Scientist","02/09/2016"
"216","<a href=""http://www.stat.ufl.edu/jobs/job.php?id=8190"" target=""_blank"">Columbia University</a>","Postdoctoral Research Scientist","02/05/2016"
"217","<a href=""http://www.stat.ufl.edu/jobs/job.php?id=8188"" target=""_blank"">Montana Tech of The University of Montana</a>","Visiting Professor","02/05/2016"
"218","<a href=""http://www.stat.ufl.edu/jobs/job.php?id=8182"" target=""_blank"">Boston University</a>","Professor","02/04/2016"
"219","<a href=""http://www.stat.ufl.edu/jobs/job.php?id=8180"" target=""_blank"">St. Lawrence University</a>","Teaching Post-Doctoral","02/04/2016"
"220","<a href=""http://www.stat.ufl.edu/jobs/job.php?id=8178"" target=""_blank"">Southwestern University of Finance and Economics</a>","Open-Rank (Asst/Assoc/Full) Tenure-Track","02/04/2016"
"221","<a href=""http://www.stat.ufl.edu/jobs/job.php?id=8176"" target=""_blank"">Icahn School of Medicine at Mount Sinai</a>","Bioinformatician","02/04/2016"
"222","<a href=""http://www.stat.ufl.edu/jobs/job.php?id=8170"" target=""_blank"">Georgetown University</a>","Tenure-Track Faculty Position","02/04/2016"
"223","<a href=""http://www.stat.ufl.edu/jobs/job.php?id=8172"" target=""_blank"">Precision for Medicine</a>","Manager, Biostatistics","02/04/2016"
"224","<a href=""http://www.stat.ufl.edu/jobs/job.php?id=8165"" target=""_blank"">The University of Texas MD Anderson Cancer Center</a>","Postdoctoral fellow","02/02/2016"
"225","<a href=""http://www.stat.ufl.edu/jobs/job.php?id=8154"" target=""_blank"">UCLA Department of Medicine Statistics Core</a>","Sr. Statistician","02/01/2016"
"226","<a href=""http://www.stat.ufl.edu/jobs/job.php?id=8140"" target=""_blank"">University of Louisville</a>","Biostatistician II","02/01/2016"
"227","<a href=""http://www.stat.ufl.edu/jobs/job.php?id=8138"" target=""_blank"">Baylor College of Medicine</a>","Postdoctoral Associate","02/01/2016"
"228","<a href=""http://www.stat.ufl.edu/jobs/job.php?id=8136"" target=""_blank"">Truth Initiative</a>","Postdoctoral Fellow","02/01/2016"
"229","<a href=""http://www.stat.ufl.edu/jobs/job.php?id=8134"" target=""_blank"">University of Texas Medical Branch</a>","Biostatistician II","02/01/2016"
"230","<a href=""http://www.stat.ufl.edu/jobs/job.php?id=8148"" target=""_blank"">Princeton University</a>","Postdoctoral Research Associate Position","02/01/2016"
"231","<a href=""http://www.stat.ufl.edu/jobs/job.php?id=8131"" target=""_blank"">University of Pennsylvania</a>","Penn Causal Fellow","01/29/2016"
"232","<a href=""http://www.stat.ufl.edu/jobs/job.php?id=8123"" target=""_blank"">Virginia Commonwealth University</a>","Postdoctoral Fellow","01/28/2016"
"233","<a href=""http://www.stat.ufl.edu/jobs/job.php?id=8125"" target=""_blank"">Harvard T.H. Chan School of Public Health</a>","Postdoctoral Research","01/28/2016"
"234","<a href=""http://www.stat.ufl.edu/jobs/job.php?id=8112"" target=""_blank"">University of Louisville</a>","Open rank faculty position","01/27/2016"
"235","<a href=""http://www.stat.ufl.edu/jobs/job.php?id=8114"" target=""_blank"">University of California San Francisco</a>","Assistant/Associate/Full Professor","01/27/2016"
"236","<a href=""http://www.stat.ufl.edu/jobs/job.php?id=8116"" target=""_blank"">National Institute of Environmental Health Sciences</a>","Postdoctoral position","01/27/2016"
"237","<a href=""http://www.stat.ufl.edu/jobs/job.php?id=8104"" target=""_blank"">Yale University School of Medicine</a>","Programmer Analyst 2","01/26/2016"
"238","<a href=""http://www.stat.ufl.edu/jobs/job.php?id=8106"" target=""_blank"">Yale University School of Medicine</a>","Statistician 2","01/26/2016"
"239","<a href=""http://www.stat.ufl.edu/jobs/job.php?id=8074"" target=""_blank"">The University of Texas MD Anderson Cancer Center</a>","Senior Statistical Analyst","01/25/2016"
"240","<a href=""http://www.stat.ufl.edu/jobs/job.php?id=8066"" target=""_blank"">Tulane University</a>","Postdoctoral fellow or research faculty position","01/25/2016"
"241","<a href=""http://www.stat.ufl.edu/jobs/job.php?id=8064"" target=""_blank"">UCLA Department of Statistics</a>","2016-2017 Full Time Lecturer","01/25/2016"
"242","<a href=""http://www.stat.ufl.edu/jobs/job.php?id=8051"" target=""_blank"">Johns Hopkins Dept of Biostatistics</a>","Director, Johns Hopkins Biostatistics Center","01/19/2016"
"243","<a href=""http://www.stat.ufl.edu/jobs/job.php?id=8046"" target=""_blank"">Fred Hutchinson Cancer Research Center</a>","Post-Doctoral Research Fellow","01/19/2016"
"244","<a href=""http://www.stat.ufl.edu/jobs/job.php?id=8044"" target=""_blank"">Fred Hutchinson Cancer Research Center</a>","Post-Doctoral Research Fellow","01/19/2016"
"245","<a href=""http://www.stat.ufl.edu/jobs/job.php?id=8021"" target=""_blank"">Precision for Medicine</a>","Statistician","01/15/2016"
"246","<a href=""http://www.stat.ufl.edu/jobs/job.php?id=8019"" target=""_blank"">Precision for Medicine</a>","Data Scientist","01/15/2016"
"247","<a href=""http://www.stat.ufl.edu/jobs/job.php?id=8017"" target=""_blank"">The University of Akron</a>","Instructor Statistics","01/15/2016"
"248","<a href=""http://www.stat.ufl.edu/jobs/job.php?id=8013"" target=""_blank"">Texas A&M University-Kingsville</a>","Tenure track Assistant Professor: Fall 2016","01/15/2016"
"249","<a href=""http://www.stat.ufl.edu/jobs/job.php?id=8011"" target=""_blank"">Texas A&M University-Kingsville</a>","Assistant Professor of Statistics","01/15/2016"
"250","<a href=""http://www.stat.ufl.edu/jobs/job.php?id=8009"" target=""_blank"">Wake Forest School of Medicine</a>","Tenure Track Assistant/Associate Professor","01/15/2016"
"251","<a href=""http://www.stat.ufl.edu/jobs/job.php?id=8007"" target=""_blank"">Rutgers University</a>","Postdoctoral Fellow","01/15/2016"
"252","<a href=""http://www.stat.ufl.edu/jobs/job.php?id=8001"" target=""_blank"">University of Michigan</a>","Tenure-track Open Rank Professor Position","01/13/2016"
"253","<a href=""http://www.stat.ufl.edu/jobs/job.php?id=7994"" target=""_blank"">Rush Alzheimer’s Disease Center/Rush University Medical Center</a>","Assistant Professor","01/13/2016"
"254","<a href=""http://www.stat.ufl.edu/jobs/job.php?id=7976"" target=""_blank"">NIH/National Institute of Arthritis- Postdoctoral fellow</a>","","01/13/2016"
"255","<a href=""http://www.stat.ufl.edu/jobs/job.php?id=7974"" target=""_blank"">School of Business, University of Miami</a>","Clinical faculty position","01/12/2016"
"256","<a href=""http://www.stat.ufl.edu/jobs/job.php?id=7972"" target=""_blank"">Fred Hutchinson Cancer Research Center</a>","Post-Doctoral Research Fellow","01/12/2016"
"257","<a href=""http://www.stat.ufl.edu/jobs/job.php?id=7970"" target=""_blank"">University of Connecticut</a>","Visiting Assistant Professor","01/12/2016"
"258","<a href=""http://www.stat.ufl.edu/jobs/job.php?id=7968"" target=""_blank"">Cincinnati Children’s Hospital Medical Center</a>","Biostatistician","01/12/2016"
"259","<a href=""http://www.stat.ufl.edu/jobs/job.php?id=7964"" target=""_blank"">BioStat Solutions, Inc. (BSSI)</a>","Statistician","01/12/2016"
"260","<a href=""http://www.stat.ufl.edu/jobs/job.php?id=7962"" target=""_blank"">BioStat Solutions, Inc. (BSSI)</a>","Statistical Geneticist","01/12/2016"
"261","<a href=""http://www.stat.ufl.edu/jobs/job.php?id=7960"" target=""_blank"">Renmin University of China</a>","Postdoc/Assistant/Associate/Full Professor","01/12/2016"
"262","<a href=""http://www.stat.ufl.edu/jobs/job.php?id=7956"" target=""_blank"">Wake Forest University Health Sciences</a>","Biostatistician II or III","01/12/2016"
"263","<a href=""http://www.stat.ufl.edu/jobs/job.php?id=7947"" target=""_blank"">IBM T. J. Watson Research Center</a>","Post Doctoral Researcher in Statistics","01/07/2016"
"264","<a href=""http://www.stat.ufl.edu/jobs/job.php?id=7916"" target=""_blank"">Monsanto</a>","Statistical Scientist","01/06/2016"
"265","<a href=""http://www.stat.ufl.edu/jobs/job.php?id=7914"" target=""_blank"">Miami University (OH)</a>","Associate Director or Visiting Assistant Professor","01/06/2016"
"266","<a href=""http://www.stat.ufl.edu/jobs/job.php?id=7910"" target=""_blank"">University of Georgia</a>","Associate Director","01/06/2016"
"267","<a href=""http://www.stat.ufl.edu/jobs/job.php?id=7908"" target=""_blank"">Shanghai Center for Mathematical Sciences</a>","Non tenure-track faculty","01/06/2016"
"268","<a href=""http://www.stat.ufl.edu/jobs/job.php?id=7906"" target=""_blank"">Shanghai Center for Mathematical Sciences</a>","Tenure-track faculty","01/06/2016"
"269","<a href=""http://www.stat.ufl.edu/jobs/job.php?id=7904"" target=""_blank"">Shanghai Center for Mathematical Sciences</a>","Tenured faculty","01/06/2016"
"270","<a href=""http://www.stat.ufl.edu/jobs/job.php?id=7902"" target=""_blank"">Tufts University</a>","Research Analyst","01/06/2016"
"271","<a href=""http://www.stat.ufl.edu/jobs/job.php?id=7900"" target=""_blank"">Shanghai Center for Mathematical Sciences</a>","Postdoctoral","01/06/2016"
"272","<a href=""http://www.stat.ufl.edu/jobs/job.php?id=7898"" target=""_blank"">Shanghai Center for Mathematical Sciences</a>","Chair Professor","01/06/2016"
"273","<a href=""http://www.stat.ufl.edu/jobs/job.php?id=7896"" target=""_blank"">Worcester Polytechnic Institute</a>","Postdoctoral Scholar","01/06/2016"
"274","<a href=""http://www.stat.ufl.edu/jobs/job.php?id=7894"" target=""_blank"">Worcester Polytechnic Institute</a>","Assistant Teaching Professor","01/06/2016"
"275","<a href=""http://www.stat.ufl.edu/jobs/job.php?id=7892"" target=""_blank"">The University of Texas Health Science Center at Houston</a>","Postdoctoral Fellow","01/06/2016"
"276","<a href=""http://www.stat.ufl.edu/jobs/job.php?id=7888"" target=""_blank"">The Jackson Laboratory for Genomic Medicine</a>","Postdoctoral Associate in Precision Genomics","01/06/2016"
"277","<a href=""http://www.stat.ufl.edu/jobs/job.php?id=7886"" target=""_blank"">NINDS/NIH</a>","Postdoctoral Fellow","01/06/2016"
"278","<a href=""http://www.stat.ufl.edu/jobs/job.php?id=7884"" target=""_blank"">Zhejiang University</a>","Multiple tenure track and tenured positions","01/06/2016"
"279","<a href=""http://www.stat.ufl.edu/jobs/job.php?id=7870"" target=""_blank"">Yale University</a>","Postdoctoral associate","12/22/2015"
"280","<a href=""http://www.stat.ufl.edu/jobs/job.php?id=7868"" target=""_blank"">University of Utah School of Medicine</a>","Pediatric Biostatistician","12/22/2015"
"281","<a href=""http://www.stat.ufl.edu/jobs/job.php?id=7857"" target=""_blank"">University of Chicago</a>","Postdoctoral Scholar","12/18/2015"
"282","<a href=""http://www.stat.ufl.edu/jobs/job.php?id=7859"" target=""_blank"">Cornell University</a>","Post Doctoral Position","12/18/2015"
"283","<a href=""http://www.stat.ufl.edu/jobs/job.php?id=7862"" target=""_blank"">University of Nevada</a>","Two Open Positions/Rank of Lecturer","12/18/2015"
"284","<a href=""http://www.stat.ufl.edu/jobs/job.php?id=7848"" target=""_blank"">Zhejiang University</a>","Multiple tenure track and tenured positions","12/17/2015"
"285","<a href=""http://www.stat.ufl.edu/jobs/job.php?id=7812"" target=""_blank"">Western Michigan University</a>","Assistant Professor/Tenure Track","12/16/2015"
"286","<a href=""http://www.stat.ufl.edu/jobs/job.php?id=7814"" target=""_blank"">NINDS/NIH</a>","Postdoctoral Fellow","12/16/2015"
"287","<a href=""http://www.stat.ufl.edu/jobs/job.php?id=7818"" target=""_blank"">University of California, Santa Barbara</a>","Visiting Faculty","12/16/2015"
"288","<a href=""http://www.stat.ufl.edu/jobs/job.php?id=7820"" target=""_blank"">Missouri University of Science and Technology</a>","Assistant Teaching Professor","12/16/2015"
"289","<a href=""http://www.stat.ufl.edu/jobs/job.php?id=7822"" target=""_blank"">Dana-Farber Cancer Institute</a>","Postdoctoral Fellow","12/16/2015"
"290","<a href=""http://www.stat.ufl.edu/jobs/job.php?id=7808"" target=""_blank"">University of California</a>","Assistant, Associate or Full Professor","12/16/2015"
"291","<a href=""http://www.stat.ufl.edu/jobs/job.php?id=7793"" target=""_blank"">Research Foundation for Mental Hygiene/Columbia University</a>","Research Scientist V/Assistant Professor","12/14/2015"
"292","<a href=""http://www.stat.ufl.edu/jobs/job.php?id=7791"" target=""_blank"">George Mason University</a>","Tenure-Track/Tenured Professor","12/14/2015"
"293","<a href=""http://www.stat.ufl.edu/jobs/job.php?id=7786"" target=""_blank"">University of Chicago</a>","Statistician","12/14/2015"
"294","<a href=""http://www.stat.ufl.edu/jobs/job.php?id=7783"" target=""_blank"">National Cancer Institute</a>","Postdoctoral Fellow","12/11/2015"
"295","<a href=""http://www.stat.ufl.edu/jobs/job.php?id=7778"" target=""_blank"">Duke University</a>","Assistant Professor","12/10/2015"
"296","<a href=""http://www.stat.ufl.edu/jobs/job.php?id=7769"" target=""_blank"">University of Florida</a>","PhD and Post-Doctoral","12/10/2015"
"297","<a href=""http://www.stat.ufl.edu/jobs/job.php?id=7757"" target=""_blank"">Harvard T.H. Chan School of Public Health</a>","Postdoctoral Research","12/09/2015"
"298","<a href=""http://www.stat.ufl.edu/jobs/job.php?id=7755"" target=""_blank"">Harvard T.H. Chan School of Public Health</a>","Postdoctoral Research","12/09/2015"
"299","<a href=""http://www.stat.ufl.edu/jobs/job.php?id=7750"" target=""_blank"">University of Texas Southwestern Medical Center</a>","Research staff","12/09/2015"
"300","<a href=""http://www.stat.ufl.edu/jobs/job.php?id=7739"" target=""_blank"">Medical Univeristy of South Carolina</a>","Research Associate","12/09/2015"
"301","<a href=""http://www.stat.ufl.edu/jobs/job.php?id=7732"" target=""_blank"">University of Arizona</a>","Statistician","12/08/2015"
"302","<a href=""http://www.stat.ufl.edu/jobs/job.php?id=7726"" target=""_blank"">Boehringer Ingelheim, Asia/META, Located in Shanghai.</a>","Senior Biostatistician","12/07/2015"
"303","<a href=""http://www.stat.ufl.edu/jobs/job.php?id=7635"" target=""_blank"">Bowdoin College</a>","Statistical Consultant","12/04/2015"
"304","<a href=""http://www.stat.ufl.edu/jobs/job.php?id=7662"" target=""_blank"">Centers for Disease Control and Prevention</a>","Chief, Special Projects Branch","12/02/2015"
"305","<a href=""http://www.stat.ufl.edu/jobs/job.php?id=7664"" target=""_blank"">Institute for Defense Analyses</a>","2016 Summer Associate Program","12/02/2015"
"306","<a href=""http://www.stat.ufl.edu/jobs/job.php?id=7666"" target=""_blank"">Peking University</a>","Multiple Open Rank Tenure Track or Tenured Positions","12/02/2015"
"307","<a href=""http://www.stat.ufl.edu/jobs/job.php?id=7658"" target=""_blank"">Fred Hutchinson Cancer Research Center</a>","Post-Doctoral Research Fellow","12/01/2015"
"308","<a href=""http://www.stat.ufl.edu/jobs/job.php?id=7656"" target=""_blank"">Mayo Clinic</a>","Faculty Position","12/01/2015"
"309","<a href=""http://www.stat.ufl.edu/jobs/job.php?id=7620"" target=""_blank"">Duke Clinical Research Institute</a>","Associate Director  of Statistics","12/01/2015"
"310","<a href=""http://www.stat.ufl.edu/jobs/job.php?id=7610"" target=""_blank"">University of Pittsburgh</a>","Assistant Professor","11/30/2015"
"311","<a href=""http://www.stat.ufl.edu/jobs/job.php?id=7608"" target=""_blank"">University of Chicago</a>","Postdoctoral Scholar","11/30/2015"
"312","<a href=""http://www.stat.ufl.edu/jobs/job.php?id=7531"" target=""_blank"">Rutgers University</a>","Tenure-Track Positions","11/20/2015"
"313","<a href=""http://www.stat.ufl.edu/jobs/job.php?id=7533"" target=""_blank"">Emory University</a>","Tenure-Track Assistant Professor/Associate/Full Professor","11/20/2015"
"314","<a href=""http://www.stat.ufl.edu/jobs/job.php?id=7535"" target=""_blank"">Statistical and Mathematical Sciences Institute</a>","Postdoctoral Fellowship","11/20/2015"
"315","<a href=""http://www.stat.ufl.edu/jobs/job.php?id=7529"" target=""_blank"">Virginia Institute</a>","Postdoctoral Fellow","11/20/2015"
"316","<a href=""http://www.stat.ufl.edu/jobs/job.php?id=7340"" target=""_blank"">Renmin University of China</a>","Assistant/Associate/Full Professor","11/10/2015"
"317","<a href=""http://www.stat.ufl.edu/jobs/job.php?id=7318"" target=""_blank"">Renmin University of China</a>","Assistant/Associate/Full Professor","11/09/2015"
"318","<a href=""http://www.stat.ufl.edu/jobs/job.php?id=7280"" target=""_blank"">University of Connecticut</a>","Assistant or Associate Professor","11/05/2015"
"319","<a href=""http://www.stat.ufl.edu/jobs/job.php?id=7129"" target=""_blank"">University of Science & Technology of China (USTC)</a>","Professor /Associate Professor/Assistant Professor","10/29/2015"
"320","<a href=""http://www.stat.ufl.edu/jobs/job.php?id=7004"" target=""_blank"">Oregon State University</a>","Tenure-Track or Tenured Faculty","10/21/2015"
"321","<a href=""http://www.stat.ufl.edu/jobs/job.php?id=7006"" target=""_blank"">University of Cambridge</a>","Lecturer","10/21/2015"
"322","<a href=""http://www.stat.ufl.edu/jobs/job.php?id=7002"" target=""_blank"">Arizona State University</a>","Faculty Position","10/21/2015"
"323","<a href=""http://www.stat.ufl.edu/jobs/job.php?id=7008"" target=""_blank"">BioRankings</a>","Post-Doc or Junior Biostatistician","10/21/2015"
"324","<a href=""http://www.stat.ufl.edu/jobs/job.php?id=7010"" target=""_blank"">Geisel School of Medicine at Dartmouth</a>","Postdoctoral Fellowship","10/21/2015"
"325","<a href=""http://www.stat.ufl.edu/jobs/job.php?id=7023"" target=""_blank"">Johns Hopkins University</a>","Post-Doctoral Positions","10/21/2015"
"326","<a href=""http://www.stat.ufl.edu/jobs/job.php?id=6981"" target=""_blank"">Georgetown University</a>","Assistant Professor","10/21/2015"
"327","<a href=""http://www.stat.ufl.edu/jobs/job.php?id=6996"" target=""_blank"">University of Texas</a>","Senior Research Scientist","10/21/2015"
"328","<a href=""http://www.stat.ufl.edu/jobs/job.php?id=6844"" target=""_blank"">Harvard T.H. Chan School of Public Health</a>","Postdoctoral Research in Causal Inference Methodology","10/14/2015"
"329","<a href=""http://www.stat.ufl.edu/jobs/job.php?id=6729"" target=""_blank"">RTI International</a>","Early Career PhD Statistician","10/08/2015"
"330","<a href=""http://www.stat.ufl.edu/jobs/job.php?id=6726"" target=""_blank"">AvMed</a>","HealthCare Economics Analyst","10/08/2015"
"331","<a href=""http://www.stat.ufl.edu/jobs/job.php?id=6722"" target=""_blank"">University of Notre Dame</a>","Assistant Professor in Applied Mathematics (ACMS)","10/08/2015"
"332","<a href=""http://www.stat.ufl.edu/jobs/job.php?id=6690"" target=""_blank"">Radford University</a>","Assistant/Associate Professor of Statistics","10/07/2015"
"333","<a href=""http://www.stat.ufl.edu/jobs/job.php?id=6688"" target=""_blank"">Department of Statistics, Carnegie Mellon University</a>","Assistant/Associate Teaching Professor","10/07/2015"
"334","<a href=""http://www.stat.ufl.edu/jobs/job.php?id=6676"" target=""_blank"">Yale School of Public Health</a>","Postdoctoral Associate","10/06/2015"
"335","<a href=""http://www.stat.ufl.edu/jobs/job.php?id=6615"" target=""_blank"">University of Texas Health Science Center San Antonio</a>","Assistant/Associate Professor of Biostatistics","10/01/2015"
"336","<a href=""http://www.stat.ufl.edu/jobs/job.php?id=6515"" target=""_blank"">University of Miami, School of Business</a>","Tenure-track Assistant Professors","09/28/2015"
"337","<a href=""http://www.stat.ufl.edu/jobs/job.php?id=6469"" target=""_blank"">Indiana University-Purdue University Indianapolis</a>","Assistant Professor in Actuarial Sciences, Statistics or Probability","09/22/2015"
"338","<a href=""http://www.stat.ufl.edu/jobs/job.php?id=6392"" target=""_blank"">Loyola University Chicago</a>","Tenure-Track Assistant Professor","09/18/2015"
"339","<a href=""http://www.stat.ufl.edu/jobs/job.php?id=6394"" target=""_blank"">University of Rochester</a>","Postdoctoral","09/18/2015"
"340","<a href=""http://www.stat.ufl.edu/jobs/job.php?id=6396"" target=""_blank"">University of Michigan</a>","Postdoctoral","09/18/2015"
"341","<a href=""http://www.stat.ufl.edu/jobs/job.php?id=6398"" target=""_blank"">Virginia Tech</a>","Postdoctoral Associate","09/18/2015"
"342","<a href=""http://www.stat.ufl.edu/jobs/job.php?id=6400"" target=""_blank"">The University of Texas Health Science Center</a>","Statistician","09/18/2015"
"343","<a href=""http://www.stat.ufl.edu/jobs/job.php?id=6407"" target=""_blank"">Moffitt Cancer Center</a>","Assistant/Associate","09/18/2015"
"344","<a href=""http://www.stat.ufl.edu/jobs/job.php?id=6402"" target=""_blank"">University of Vermont</a>","Lecturer","09/18/2015"
"345","<a href=""http://www.stat.ufl.edu/jobs/job.php?id=6390"" target=""_blank"">Bucknell University</a>","Assistant Professor","09/18/2015"
"346","<a href=""http://www.stat.ufl.edu/jobs/job.php?id=6368"" target=""_blank"">Yale School of Public Health</a>","Senior Tenure-Track","09/16/2015"
"347","<a href=""http://www.stat.ufl.edu/jobs/job.php?id=6354"" target=""_blank"">Boston University</a>","Assistant Professor in Biostatistics","09/16/2015"
"348","<a href=""http://www.stat.ufl.edu/jobs/job.php?id=6352"" target=""_blank"">University of Southern California</a>","Postdoctoral Research Associate","09/16/2015"
"349","<a href=""http://www.stat.ufl.edu/jobs/job.php?id=6337"" target=""_blank"">Texas Tech University</a>","Assistant Professor","09/14/2015"
"350","<a href=""http://www.stat.ufl.edu/jobs/job.php?id=6333"" target=""_blank"">Dana-Farber Cancer Institute</a>","Postdoctoral Fellow","09/14/2015"
"351","<a href=""http://www.stat.ufl.edu/jobs/job.php?id=6041"" target=""_blank"">BioStat Solutions, Inc. (BSSI)</a>","Lead Statistician","09/01/2015"
"352","<a href=""http://www.stat.ufl.edu/jobs/job.php?id=6023"" target=""_blank"">Univ. of Miami School of Medicine,  Cancer Center</a>","Sr. Research Associate 3 (Statistical Genomics Analyst)","09/01/2015"
"353","<a href=""http://www.stat.ufl.edu/jobs/job.php?id=6146"" target=""_blank"">University of Texas Southwestern Medical Center</a>","Faculty Biostatistician (rank open)","09/01/2015"
"354","<a href=""http://www.stat.ufl.edu/jobs/job.php?id=6021"" target=""_blank"">Univ. of Miami School of Medicine, Cancer Center</a>","Post Doctoral Associate","09/01/2015"
"355","<a href=""http://www.stat.ufl.edu/jobs/job.php?id=6011"" target=""_blank"">BioStat Solutions, Inc. (BSSI)</a>","Statistician","08/31/2015"
"356","<a href=""http://www.stat.ufl.edu/jobs/job.php?id=6009"" target=""_blank"">University of Louisvillle, Dept. of Bioinformatics/Biostatistics</a>","Assistant, Associate or Full Professor","08/31/2015"
"357","<a href=""http://www.stat.ufl.edu/jobs/job.php?id=6001"" target=""_blank"">California State University Fullerton</a>","Assistant/Associate Professor","08/31/2015"
"358","<a href=""http://www.stat.ufl.edu/jobs/job.php?id=5987"" target=""_blank"">Stanford University</a>","Lead Biostatistician","08/31/2015"
"359","<a href=""http://www.stat.ufl.edu/jobs/job.php?id=5981"" target=""_blank"">Citi</a>","Statistician / Quantitative Analyst","08/28/2015"
"360","<a href=""http://www.stat.ufl.edu/jobs/job.php?id=5965"" target=""_blank"">CColumbia University, Department of Biostatistics</a>","Postdoctoral Research Scientist","08/27/2015"
"361","<a href=""http://www.stat.ufl.edu/jobs/job.php?id=5963"" target=""_blank"">Brigham and Women’s Hospital</a>","Postdoctoral Research Fellow","08/27/2015"
"362","<a href=""http://www.stat.ufl.edu/jobs/job.php?id=5957"" target=""_blank"">Department of Mathematics, University of Houston</a>","Research Associate","08/27/2015"
"363","<a href=""http://www.stat.ufl.edu/jobs/job.php?id=5877"" target=""_blank"">University of New Mexico</a>","Biostatistics Shared Resource (Asst/Assoc","08/12/2015"
"364","<a href=""http://www.stat.ufl.edu/jobs/job.php?id=5771"" target=""_blank"">Baylor Scott & White Health</a>","Biostatistician I","08/03/2015"
"365","<a href=""http://www.stat.ufl.edu/jobs/job.php?id=5773"" target=""_blank"">University of New Mexico Cancer Center</a>","Research Scientist 3","08/03/2015"
"366","<a href=""http://www.stat.ufl.edu/jobs/job.php?id=5775"" target=""_blank"">University of Notre Dame</a>","Assistant/Associate/Full Professor","08/03/2015"
"367","<a href=""http://www.stat.ufl.edu/jobs/job.php?id=5777"" target=""_blank"">Vanderbilt</a>","Health Policy","08/03/2015"
"368","<a href=""http://www.stat.ufl.edu/jobs/job.php?id=5768"" target=""_blank"">North Carolina State University</a>","Tenure Track/Open Rank/Assistant","08/03/2015"
"369","<a href=""http://www.stat.ufl.edu/jobs/job.php?id=5782"" target=""_blank"">Oracle Data Cloud</a>","Sr. Data Scientist","08/03/2015"
"370","<a href=""http://www.stat.ufl.edu/jobs/job.php?id=5784"" target=""_blank"">University of Manitoba</a>","Postdoctoral Fellow","08/03/2015"
"371","<a href=""http://www.stat.ufl.edu/jobs/job.php?id=5786"" target=""_blank"">Johns Hopkins University</a>","Senior Biostatistician","08/03/2015"
"372","<a href=""http://www.stat.ufl.edu/jobs/job.php?id=5766"" target=""_blank"">North Carolina State University</a>","Assistant Professor Position","08/03/2015"
"373","<a href=""http://www.stat.ufl.edu/jobs/job.php?id=5788"" target=""_blank"">University of Wisconsin, Madison</a>","Postdoctoral Associate","08/03/2015"
"374","<a href=""http://www.stat.ufl.edu/jobs/job.php?id=5790"" target=""_blank"">Maxim Integrated Products</a>","Applied Statistician","08/03/2015"
"375","<a href=""http://www.stat.ufl.edu/jobs/job.php?id=5798"" target=""_blank"">Loss Prevention Research Council</a>","Research Scientist","08/03/2015"
"376","<a href=""http://www.stat.ufl.edu/jobs/job.php?id=5792"" target=""_blank"">National Center for Health Statistics</a>","Associate Director","08/03/2015"
"377","<a href=""http://www.stat.ufl.edu/jobs/job.php?id=5794"" target=""_blank"">Australian National University</a>","Lecturer","08/03/2015"
"378","<a href=""http://www.stat.ufl.edu/jobs/job.php?id=5796"" target=""_blank"">Ruhr-Universität Bochum, 44780 Bochum, Germany</a>","PostDoc","08/03/2015"
"379","<a href=""http://www.stat.ufl.edu/jobs/job.php?id=5800"" target=""_blank"">Loss Prevention Research Council</a>","Statistician","08/03/2015"
"380","<a href=""http://www.stat.ufl.edu/jobs/job.php?id=5747"" target=""_blank"">California State University, East Bay</a>","Full-Time Tenure-Track","07/28/2015"
"381","<a href=""http://www.stat.ufl.edu/jobs/job.php?id=5745"" target=""_blank"">Dartmouth College</a>","Statistical Research Analyst III","07/28/2015"
"382","<a href=""http://www.stat.ufl.edu/jobs/job.php?id=5743"" target=""_blank"">Georgia Regents University</a>","Assistant/Associate Professor","07/28/2015"
"383","<a href=""http://www.stat.ufl.edu/jobs/job.php?id=5739"" target=""_blank"">University of Utah, Department of Population Health Sciences</a>","Assistant/Associate Professor","07/28/2015"
"384","<a href=""http://www.stat.ufl.edu/jobs/job.php?id=5733"" target=""_blank"">Duke Clinical Research Institute</a>","Associate Director of Statistics","07/27/2015"
"385","<a href=""http://www.stat.ufl.edu/jobs/job.php?id=5716"" target=""_blank"">University of Arkansas for Medical Sciences</a>","Tenure Track","07/27/2015"
"386","<a href=""http://www.stat.ufl.edu/jobs/job.php?id=5718"" target=""_blank"">Stanford University, Department of Genetics</a>","Post-Doctoral Fellow","07/27/2015"
"387","<a href=""http://www.stat.ufl.edu/jobs/job.php?id=5714"" target=""_blank"">University of Arkansas for Medical Sciences</a>","Faculty-Tenure Track","07/27/2015"
"388","<a href=""http://www.stat.ufl.edu/jobs/job.php?id=5712"" target=""_blank"">Stanford University, Department of Genetics</a>","Post-Doctoral Fellow","07/27/2015"
"389","<a href=""http://www.stat.ufl.edu/jobs/job.php?id=5710"" target=""_blank"">University of New Mexico</a>","Research Scientist 3","07/27/2015"
"390","<a href=""http://www.stat.ufl.edu/jobs/job.php?id=5708"" target=""_blank"">Duke University & University of Helsinki</a>","Postdoctoral Associate","07/27/2015"
"391","<a href=""http://www.stat.ufl.edu/jobs/job.php?id=5623"" target=""_blank"">Statistics Collaborative, Inc.</a>","Biostatistician","07/14/2015"
"392","<a href=""http://www.stat.ufl.edu/jobs/job.php?id=5572"" target=""_blank"">North Carolina State University</a>","Programmer/Research Associate","07/08/2015"
"393","<a href=""http://www.stat.ufl.edu/jobs/job.php?id=5566"" target=""_blank"">University of Texas Southwestern Medical Center</a>","Biostatistician","07/08/2015"
"394","<a href=""http://www.stat.ufl.edu/jobs/job.php?id=5523"" target=""_blank"">Peking Unversity</a>","Postdoctal Scholar","07/06/2015"
"395","<a href=""http://www.stat.ufl.edu/jobs/job.php?id=5486"" target=""_blank"">Peking University</a>","Postdoctal Scholar","06/29/2015"
"396","<a href=""http://www.stat.ufl.edu/jobs/job.php?id=5442"" target=""_blank"">University of Arkansas for Medical Sciences</a>","Biostatistics Faculty-Tenure Track","06/24/2015"
"397","<a href=""http://www.stat.ufl.edu/jobs/job.php?id=5444"" target=""_blank"">University of Pennsylvania</a>","Postdoctoral Fellowship","06/24/2015"
"398","<a href=""http://www.stat.ufl.edu/jobs/job.php?id=5440"" target=""_blank"">University of Arkansas for Medical Sciences</a>","Statistical Geneticist","06/24/2015"
"399","<a href=""http://www.stat.ufl.edu/jobs/job.php?id=5438"" target=""_blank"">Montefiore Medical Center</a>","Senior Outcomes Analyst","06/24/2015"
"400","<a href=""http://www.stat.ufl.edu/jobs/job.php?id=5424"" target=""_blank"">University of Pittsburgh</a>","Data Scientist/Bioinformatician","06/22/2015"
"401","<a href=""http://www.stat.ufl.edu/jobs/job.php?id=5428"" target=""_blank"">University of Pittsburgh</a>","Software Engineer","06/22/2015"
"402","<a href=""http://www.stat.ufl.edu/jobs/job.php?id=5418"" target=""_blank"">Michigan State University</a>","Assistant and Associate Professor","06/22/2015"
"403","<a href=""http://www.stat.ufl.edu/jobs/job.php?id=5409"" target=""_blank"">Shanghai Jiao Tong University</a>","Open Rank Faculty Positions","06/19/2015"
"404","<a href=""http://www.stat.ufl.edu/jobs/job.php?id=5383"" target=""_blank"">Battelle Memorial Institute</a>","Senior Research Biostatistician","06/16/2015"
"405","<a href=""http://www.stat.ufl.edu/jobs/job.php?id=5380"" target=""_blank"">Tulane School of Medicine</a>","Research Scientist I","06/16/2015"
"406","<a href=""http://www.stat.ufl.edu/jobs/job.php?id=5378"" target=""_blank"">UCLA Fielding School of Public Health</a>","Open-Rank Tenure-Track or Tenured","06/16/2015"
"407","<a href=""http://www.stat.ufl.edu/jobs/job.php?id=5343"" target=""_blank"">Embry-Riddle Aeronautical University</a>","Assistant or Associate Professor","06/09/2015"
"408","<a href=""http://www.stat.ufl.edu/jobs/job.php?id=5345"" target=""_blank"">Professional Data Analysts, INC.</a>","Senior Statistician","06/09/2015"
"409","<a href=""http://www.stat.ufl.edu/jobs/job.php?id=5315"" target=""_blank"">University at Albany School</a>","Assistant/Associate Professor","06/05/2015"
"410","<a href=""http://www.stat.ufl.edu/jobs/job.php?id=5313"" target=""_blank"">New York University</a>","Postdoctoral Reasercher","06/05/2015"
"411","<a href=""http://www.stat.ufl.edu/jobs/job.php?id=5311"" target=""_blank"">Icahn School of Medicine</a>","Bioinformatician","06/05/2015"
"412","<a href=""http://www.stat.ufl.edu/jobs/job.php?id=5309"" target=""_blank"">The Hong Kong Polytechnic University</a>","Research Assistant Professor","06/05/2015"
"413","<a href=""http://www.stat.ufl.edu/jobs/job.php?id=5307"" target=""_blank"">Palo Alto Medical Foundation</a>","Statistical Analyst II","06/05/2015"
"414","<a href=""http://www.stat.ufl.edu/jobs/job.php?id=5305"" target=""_blank"">The University of Texas at Austin</a>","Postdoctoral Fellow","06/05/2015"
"415","<a href=""http://www.stat.ufl.edu/jobs/job.php?id=5255"" target=""_blank"">Université de Sherbrooke</a>","Professor","06/02/2015"
"416","<a href=""http://www.stat.ufl.edu/jobs/job.php?id=5257"" target=""_blank"">NIKA Architects</a>","Engineers/Senior Statistical Analyst","06/02/2015"
"417","<a href=""http://www.stat.ufl.edu/jobs/job.php?id=5259"" target=""_blank"">Fred Hutch</a>","Staff Scientist","06/02/2015"
"418","<a href=""http://www.stat.ufl.edu/jobs/job.php?id=5261"" target=""_blank"">University of Nottingham</a>","Assistant Professor of Statistics","06/02/2015"
"419","<a href=""http://www.stat.ufl.edu/jobs/job.php?id=5263"" target=""_blank"">BioStat Solutions, Inc. (BSSI)</a>","Statistician","06/02/2015"
"420","<a href=""http://www.stat.ufl.edu/jobs/job.php?id=5265"" target=""_blank"">Maimonides Medical Center</a>","Associate Biostatistician/Research Administration","06/02/2015"
"421","<a href=""http://www.stat.ufl.edu/jobs/job.php?id=5267"" target=""_blank"">Carleton College</a>","Assistant Professor","06/02/2015"
"422","<a href=""http://www.stat.ufl.edu/jobs/job.php?id=5269"" target=""_blank"">University of Cambridge</a>","Reader in Translational Genomics and Data Sciences","06/02/2015"
"423","<a href=""http://www.stat.ufl.edu/jobs/job.php?id=5271"" target=""_blank"">North Dakota State University</a>","Lecturer","06/02/2015"
"424","<a href=""http://www.stat.ufl.edu/jobs/job.php?id=5248"" target=""_blank"">Yale University</a>","Biostatistician","06/02/2015"
"425","<a href=""http://www.stat.ufl.edu/jobs/job.php?id=5225"" target=""_blank"">Fred Hutch</a>","Biostatistician Staff Scientist","06/01/2015"
"426","<a href=""http://www.stat.ufl.edu/jobs/job.php?id=5211"" target=""_blank"">Indiana University</a>","Research Associate","06/01/2015"
"427","<a href=""http://www.stat.ufl.edu/jobs/job.php?id=4926"" target=""_blank"">Truman State University</a>","Temporary Assistant Professors or Instructors in Statistics","05/01/2015"
"428","<a href=""http://www.stat.ufl.edu/jobs/job.php?id=4906"" target=""_blank"">Catalina</a>","Analyst","04/30/2015"
"429","<a href=""http://www.stat.ufl.edu/jobs/job.php?id=4875"" target=""_blank"">West Virginia University, Dept. of Biostatistics</a>","Consulting Coordinator/Instructor","04/30/2015"
"430","<a href=""http://www.stat.ufl.edu/jobs/job.php?id=4873"" target=""_blank"">The University of Alabama at Birmingham</a>","Assistant/Associate/Professor","04/30/2015"
"431","<a href=""http://www.stat.ufl.edu/jobs/job.php?id=4847"" target=""_blank"">Boston University School of Public Health</a>","Post-doctoral Associate","04/24/2015"
"432","<a href=""http://www.stat.ufl.edu/jobs/job.php?id=4838"" target=""_blank"">U. of Cincinnati Dept. of Biomedical Informatics</a>","Assistant or Associate Professor","04/24/2015"
"433","<a href=""http://www.stat.ufl.edu/jobs/job.php?id=4825"" target=""_blank"">Cornell University</a>","Statistical Consultant","04/23/2015"
"434","<a href=""http://www.stat.ufl.edu/jobs/job.php?id=4792"" target=""_blank"">Indian Institute of Mang Bangalore</a>","Post Doctoral","04/22/2015"
"435","<a href=""http://www.stat.ufl.edu/jobs/job.php?id=4794"" target=""_blank"">Weill Cornell Medical College</a>","Instructor of Statistics","04/22/2015"
"436","<a href=""http://www.stat.ufl.edu/jobs/job.php?id=4786"" target=""_blank"">University of New Mexico Cancer Center</a>","Research Scientist","04/22/2015"
"437","<a href=""http://www.stat.ufl.edu/jobs/job.php?id=4735"" target=""_blank"">BioStat Solutions, Inc. (BSSI)</a>","Statistical Analyst","04/20/2015"
"438","<a href=""http://www.stat.ufl.edu/jobs/job.php?id=4671"" target=""_blank"">Case Western Reserve University</a>","Postdoctoral Research","04/13/2015"
"439","<a href=""http://www.stat.ufl.edu/jobs/job.php?id=4675"" target=""_blank"">The University of North Carolina at Chapel Hill</a>","Research Associate","04/13/2015"
"440","<a href=""http://www.stat.ufl.edu/jobs/job.php?id=4673"" target=""_blank"">Baylor Scott & White Health</a>","Biostatistician","04/13/2015"
"441","<a href=""http://www.stat.ufl.edu/jobs/job.php?id=4669"" target=""_blank"">The Medical College of Wisconsin</a>","Assistant Professor","04/13/2015"
"442","<a href=""http://www.stat.ufl.edu/jobs/job.php?id=4624"" target=""_blank"">Duke-NUS Graduate Medical School</a>","Assistant Professor","04/06/2015"
"443","<a href=""http://www.stat.ufl.edu/jobs/job.php?id=4622"" target=""_blank"">University of Chicago</a>","Postdoctoral","04/06/2015"
"444","<a href=""http://www.stat.ufl.edu/jobs/job.php?id=4620"" target=""_blank"">University of Pittsburgh</a>","Postdoctoral Fellow","04/06/2015"
"445","<a href=""http://www.stat.ufl.edu/jobs/job.php?id=4618"" target=""_blank"">University of Arkansas</a>","Visiting Assistant Professor (Pending Approval)","04/06/2015"
"446","<a href=""http://www.stat.ufl.edu/jobs/job.php?id=4568"" target=""_blank"">The Ohio State University</a>","Postdoctoral Fellow","04/02/2015"
"447","<a href=""http://www.stat.ufl.edu/jobs/job.php?id=4579"" target=""_blank"">University of Warwick</a>","One Year Fixed Term Research Fellowship","04/02/2015"
"448","<a href=""http://www.stat.ufl.edu/jobs/job.php?id=4575"" target=""_blank"">Texas A&M University, Statistics Department</a>","Visiting Assistant Professor","04/02/2015"
"449","<a href=""http://www.stat.ufl.edu/jobs/job.php?id=4581"" target=""_blank"">University of Missouri-Columbia</a>","Assistant Teaching Professor","04/02/2015"
"450","<a href=""http://www.stat.ufl.edu/jobs/job.php?id=4564"" target=""_blank"">University of Cincinnati</a>","Visting Asst Professor or Educator Asst Professor","04/02/2015"
"451","<a href=""http://www.stat.ufl.edu/jobs/job.php?id=4583"" target=""_blank"">National Renewable Energy Laboratory</a>","Senior Scientist Computational Statistics","04/02/2015"
"452","<a href=""http://www.stat.ufl.edu/jobs/job.php?id=4577"" target=""_blank"">Icahn School of Medicine at Mount Sinai</a>","Postdoc Fellow","04/02/2015"
"453","<a href=""http://www.stat.ufl.edu/jobs/job.php?id=4562"" target=""_blank"">University of New Mexico Cancer Center</a>","Postdoc Fellow","04/02/2015"
"454","<a href=""http://www.stat.ufl.edu/jobs/job.php?id=4585"" target=""_blank"">The Hong Kong Polytechnic University</a>","Assistant Professor","04/02/2015"
"455","<a href=""http://www.stat.ufl.edu/jobs/job.php?id=4587"" target=""_blank"">University of Notre Dame</a>","Postdoctoral Researcher","04/02/2015"
"456","<a href=""http://www.stat.ufl.edu/jobs/job.php?id=4543"" target=""_blank"">Duke University, Department of Statistical Science</a>","Postdoctoral Fellowship","03/30/2015"
"457","<a href=""http://www.stat.ufl.edu/jobs/job.php?id=4545"" target=""_blank"">The Climate Corporation</a>","Statistics Team Lead","03/30/2015"
"458","<a href=""http://www.stat.ufl.edu/jobs/job.php?id=4524"" target=""_blank"">Battelle Memorial Institute</a>","Statistician","03/30/2015"
"459","<a href=""http://www.stat.ufl.edu/jobs/job.php?id=4470"" target=""_blank"">Virginia Institute of Psychiatric and Behavioral Genetics</a>","Postdoctoral student","03/26/2015"
"460","<a href=""http://www.stat.ufl.edu/jobs/job.php?id=4474"" target=""_blank"">Food and Drug Administration, CBER</a>","Mathematical Statistician","03/25/2015"
"461","<a href=""http://www.stat.ufl.edu/jobs/job.php?id=4476"" target=""_blank"">Food and Drug Administration, CBER</a>","Mathematical Statistician","03/25/2015"
"462","<a href=""http://www.stat.ufl.edu/jobs/job.php?id=4478"" target=""_blank"">Georgia Regents University</a>","Postdoctoral Fellow","03/25/2015"
"463","<a href=""http://www.stat.ufl.edu/jobs/job.php?id=4466"" target=""_blank"">University of Texas Southwestern Medical Center</a>","Postdoctoral Fellow","03/25/2015"
"464","<a href=""http://www.stat.ufl.edu/jobs/job.php?id=4464"" target=""_blank"">University of Florda</a>","Department of Health Outcomes & Policy","03/25/2015"
"465","<a href=""http://www.stat.ufl.edu/jobs/job.php?id=4462"" target=""_blank"">Mayo Clinic</a>","Faculty Position","03/25/2015"
"466","<a href=""http://www.stat.ufl.edu/jobs/job.php?id=4460"" target=""_blank"">NIAMS</a>","Post-Doctoral Fellow","03/25/2015"
"467","<a href=""http://www.stat.ufl.edu/jobs/job.php?id=4415"" target=""_blank"">National Institute of Environmental Health Sciences, NIH</a>","Postdoctoral","03/19/2015"
"468","<a href=""http://www.stat.ufl.edu/jobs/job.php?id=4433"" target=""_blank"">Purdue University, Department of Statistics</a>","Postdoctoral Fellowship","03/19/2015"
"469","<a href=""http://www.stat.ufl.edu/jobs/job.php?id=4435"" target=""_blank"">University of North Carolina at Chapel Hill</a>","Research Instructor or Research Assistant Professor","03/19/2015"
"470","<a href=""http://www.stat.ufl.edu/jobs/job.php?id=4437"" target=""_blank"">Duke University</a>","Postdoctoral Associate","03/19/2015"
"471","<a href=""http://www.stat.ufl.edu/jobs/job.php?id=4413"" target=""_blank"">Univeristy of California, Davis</a>","Statistics","03/19/2015"
"472","<a href=""http://www.stat.ufl.edu/jobs/job.php?id=4396"" target=""_blank"">University of Virginia Department of Statistics</a>","Postdoctoral Fellow and Lecturer","03/16/2015"
"473","<a href=""http://www.stat.ufl.edu/jobs/job.php?id=4380"" target=""_blank"">Renmin University of China</a>","Assistant, Associate or Full Professor","03/13/2015"
"474","<a href=""http://www.stat.ufl.edu/jobs/job.php?id=4378"" target=""_blank"">Southwest Research Institute</a>","Research Analyst/Sr-Research Analyst","03/13/2015"
"475","<a href=""http://www.stat.ufl.edu/jobs/job.php?id=4352"" target=""_blank"">NCSU Department of Statistics</a>","Postdoctoral Research Scholar","03/12/2015"
"476","<a href=""http://www.stat.ufl.edu/jobs/job.php?id=4350"" target=""_blank"">North Carolina State University</a>","Postdoctoral Research","03/12/2015"
"477","<a href=""http://www.stat.ufl.edu/jobs/job.php?id=4348"" target=""_blank"">Mayo Clinic</a>","Open Rank Faculty Position","03/12/2015"
"478","<a href=""http://www.stat.ufl.edu/jobs/job.php?id=4340"" target=""_blank"">Fred Hutchinson Cancer Research Center</a>","Post-Doctoral Research Fellow","03/10/2015"
"479","<a href=""http://www.stat.ufl.edu/jobs/job.php?id=4264"" target=""_blank"">Indiana University / Bloomington Campus</a>","Statistical Consultant/Lecturer","03/03/2015"
"480","<a href=""http://www.stat.ufl.edu/jobs/job.php?id=4250"" target=""_blank"">Moffitt Cancer Center</a>","Assistant/Associate Member","03/03/2015"
"481","<a href=""http://www.stat.ufl.edu/jobs/job.php?id=4248"" target=""_blank"">Temple University</a>","Non-Tenure Track","03/03/2015"
"482","<a href=""http://www.stat.ufl.edu/jobs/job.php?id=4246"" target=""_blank"">Moffitt Cancer Center</a>","Assistant/Associate Member","03/03/2015"
"483","<a href=""http://www.stat.ufl.edu/jobs/job.php?id=4118"" target=""_blank"">NIASRA, University of Wollongong</a>","Research Fellow","02/19/2015"
"484","<a href=""http://www.stat.ufl.edu/jobs/job.php?id=4080"" target=""_blank"">West Virginia University</a>","Tenure Track Assistant Professor of Statistics","02/17/2015"
"485","<a href=""http://www.stat.ufl.edu/jobs/job.php?id=4052"" target=""_blank"">Wake Forest School of Medicine</a>","Asst/Assoc Professor BiostatisticalSciences","02/12/2015"
"486","<a href=""http://www.stat.ufl.edu/jobs/job.php?id=4039"" target=""_blank"">University of Nebraska Lincoln</a>","Tenure track assistant professor in statistics","02/10/2015"
"487","<a href=""http://www.stat.ufl.edu/jobs/job.php?id=4017"" target=""_blank"">University of Leeds</a>","Associate Professor in Actuarial / Financial Mathematics","02/10/2015"
"488","<a href=""http://www.stat.ufl.edu/jobs/job.php?id=4015"" target=""_blank"">Yale University Department of Biostatistics</a>","Postdoc Associate","02/10/2015"
"489","<a href=""http://www.stat.ufl.edu/jobs/job.php?id=4011"" target=""_blank"">Univfy Inc.</a>","VP of Statistics and Technology","02/10/2015"
"490","<a href=""http://www.stat.ufl.edu/jobs/job.php?id=4009"" target=""_blank"">Memorial Sloan Kettering Cancer Center</a>","Faculty Biostatistician","02/10/2015"
"491","<a href=""http://www.stat.ufl.edu/jobs/job.php?id=4000"" target=""_blank"">University of Pennsylvania</a>","Postdoctoral fellow","02/09/2015"
"492","<a href=""http://www.stat.ufl.edu/jobs/job.php?id=3991"" target=""_blank"">University of Florida</a>","Post-Doctoral Associate","02/06/2015"
"493","<a href=""http://www.stat.ufl.edu/jobs/job.php?id=3987"" target=""_blank"">Department of Biostatistics, University of Michigan</a>","Tenure-track Faculty Position","02/06/2015"
"494","<a href=""http://www.stat.ufl.edu/jobs/job.php?id=3976"" target=""_blank"">Georgia State University</a>","Visiting Faculty Positions in the area of Business Analytics","02/06/2015"
"495","<a href=""http://www.stat.ufl.edu/jobs/job.php?id=3959"" target=""_blank"">Fred Hutch</a>","Statistical Research Associate","02/05/2015"
"496","<a href=""http://www.stat.ufl.edu/jobs/job.php?id=3938"" target=""_blank"">BioStat Solutions, Inc. (BSSI)</a>","Statistician","02/04/2015"
"497","<a href=""http://www.stat.ufl.edu/jobs/job.php?id=3936"" target=""_blank"">Department of Statistics, NCSU</a>","Teaching Assistant Professor Positions, Non-tenure Track","02/04/2015"
"498","<a href=""http://www.stat.ufl.edu/jobs/job.php?id=3927"" target=""_blank"">University of Technology Sydney (UTS)</a>","Head of School of Mathematical and Physical Sciences","02/03/2015"
"499","<a href=""http://www.stat.ufl.edu/jobs/job.php?id=3894"" target=""_blank"">Lancaster University Faculty of Health and Medicine</a>","Biostatistics (Equivalent of assistant professor)","02/02/2015"
"500","<a href=""http://www.stat.ufl.edu/jobs/job.php?id=3855"" target=""_blank"">University of Illinois at Chicago</a>","Clinical Assistant Professor","01/27/2015"
"501","<a href=""http://www.stat.ufl.edu/jobs/job.php?id=3853"" target=""_blank"">National Institute of Environmental Health Sciences</a>","Postdoctoral position","01/27/2015"
"502","<a href=""http://www.stat.ufl.edu/jobs/job.php?id=3816"" target=""_blank"">IDEAS European training network</a>","14 Early stage researchers","01/26/2015"
"503","<a href=""http://www.stat.ufl.edu/jobs/job.php?id=3790"" target=""_blank"">UC Davis, Statistics</a>","Assistant Professor Positions in Statistics","01/22/2015"
"504","<a href=""http://www.stat.ufl.edu/jobs/job.php?id=3771"" target=""_blank"">Vanderbilt</a>","Biostatistician III","01/21/2015"
"505","<a href=""http://www.stat.ufl.edu/jobs/job.php?id=3717"" target=""_blank"">The Fountain Group</a>","BioStatistician","01/15/2015"
"506","<a href=""http://www.stat.ufl.edu/jobs/job.php?id=3711"" target=""_blank"">University of Nebraska Lincoln</a>","Tenure-track Assistant Professor","01/15/2015"
"507","<a href=""http://www.stat.ufl.edu/jobs/job.php?id=3695"" target=""_blank"">University of Nebraska-Lincoln</a>","Tenure-track Assistant Professor","01/14/2015"
"508","<a href=""http://www.stat.ufl.edu/jobs/job.php?id=3693"" target=""_blank"">Cornell Statistical Consulting Unit @ Cornell University</a>","Statistical Consultant","01/14/2015"
"509","<a href=""http://www.stat.ufl.edu/jobs/job.php?id=3647"" target=""_blank"">Peking University, Center for Statistical Science</a>","Multiple Open Rank","01/12/2015"
"510","<a href=""http://www.stat.ufl.edu/jobs/job.php?id=3618"" target=""_blank"">Fred Hutchinson Cancer Research Center</a>","Post Doctoral Fellowship in Biostatistics","01/07/2015"
"511","<a href=""http://www.stat.ufl.edu/jobs/job.php?id=3606"" target=""_blank"">Fred Hutchinson Cancer Research Center</a>","Postdoc Fellow","01/05/2015"
"512","<a href=""http://www.stat.ufl.edu/jobs/job.php?id=3600"" target=""_blank"">Fred Hutch</a>","Post-Doctoral Research Fellow (Biostatistics)","01/05/2015"
"513","<a href=""http://www.stat.ufl.edu/jobs/job.php?id=3598"" target=""_blank"">Jaeb Center for Health Research</a>","Biostatistician","01/05/2015"
"514","<a href=""http://www.stat.ufl.edu/jobs/job.php?id=3570"" target=""_blank"">Florida Hospital</a>","Quality Analyst","01/05/2015"
"515","<a href=""http://www.stat.ufl.edu/jobs/job.php?id=3566"" target=""_blank"">Vanderbilt University School of Medicine</a>","Postdoctoral Fellowship","01/05/2015"
"516","<a href=""http://www.stat.ufl.edu/jobs/job.php?id=3556"" target=""_blank"">The Forsyth Institute</a>","Master’s biostatistician","12/23/2014"
"517","<a href=""http://www.stat.ufl.edu/jobs/job.php?id=3554"" target=""_blank"">Department of Statistics</a>","Full Time Lecturer Position","12/23/2014"
"518","<a href=""http://www.stat.ufl.edu/jobs/job.php?id=3552"" target=""_blank"">The Forsyth Institute</a>","Staff Scientist","12/23/2014"
"519","<a href=""http://www.stat.ufl.edu/jobs/job.php?id=3546"" target=""_blank"">Fred Hutchinson Cancer Research Center</a>","Clinical Statistics Program Director","12/23/2014"
"520","<a href=""http://www.stat.ufl.edu/jobs/job.php?id=3544"" target=""_blank"">University of Utah School of Medicine</a>","Pediatric Biostatistician","12/23/2014"
"521","<a href=""http://www.stat.ufl.edu/jobs/job.php?id=3539"" target=""_blank"">Rush Alzheimer’s Disease Center/Rush University Medical Center</a>","Assistant Professor","12/22/2014"
"522","<a href=""http://www.stat.ufl.edu/jobs/job.php?id=3531"" target=""_blank"">Yale University</a>","Associate Research Scientist","12/22/2014"
"523","<a href=""http://www.stat.ufl.edu/jobs/job.php?id=3529"" target=""_blank"">Yale University</a>","Postdoctoral Associate","12/22/2014"
"524","<a href=""http://www.stat.ufl.edu/jobs/job.php?id=3521"" target=""_blank"">University of California, San Francisco</a>","Postdoctoral Associate","12/22/2014"
"525","<a href=""http://www.stat.ufl.edu/jobs/job.php?id=3507"" target=""_blank"">Clarkson University</a>","Assistant Professor of Mathematics","12/18/2014"
"526","<a href=""http://www.stat.ufl.edu/jobs/job.php?id=3490"" target=""_blank"">Fred Hutchinson Cancer Research Center</a>","Staff Scientist in Biostatistics","12/18/2014"
"527","<a href=""http://www.stat.ufl.edu/jobs/job.php?id=3488"" target=""_blank"">AT&T Labs Research</a>","Inventive Scientist","12/18/2014"
"528","<a href=""http://www.stat.ufl.edu/jobs/job.php?id=3486"" target=""_blank"">The University of Arizona, Phoenix Campus</a>","Biostatistician","12/18/2014"
"529","<a href=""http://www.stat.ufl.edu/jobs/job.php?id=3472"" target=""_blank"">Arizona State University</a>","Assistant Professor","12/16/2014"
"530","<a href=""http://www.stat.ufl.edu/jobs/job.php?id=3468"" target=""_blank"">Texas Tech University</a>","Assistant Professor","12/16/2014"
"531","<a href=""http://www.stat.ufl.edu/jobs/job.php?id=3451"" target=""_blank"">Missouri University of Science and Technology</a>","Assistant Teaching Professor","12/15/2014"
"532","<a href=""http://www.stat.ufl.edu/jobs/job.php?id=3453"" target=""_blank"">Rice University</a>","Tenure Track Faculty in Computer Science","12/15/2014"
"533","<a href=""http://www.stat.ufl.edu/jobs/job.php?id=3422"" target=""_blank"">The University of Texas MD Anderson Cancer Center</a>","Postdoctoral Research Position","12/12/2014"
"534","<a href=""http://www.stat.ufl.edu/jobs/job.php?id=3406"" target=""_blank"">Superior Group</a>","Risk Modeling & Review Manager","12/10/2014"
"535","<a href=""http://www.stat.ufl.edu/jobs/job.php?id=3391"" target=""_blank"">University of Rochester</a>","Tenure-Track Faculty","12/10/2014"
"536","<a href=""http://www.stat.ufl.edu/jobs/job.php?id=3381"" target=""_blank"">Johns Hopkins University</a>","Postdoctoral Fellow","12/09/2014"
"537","<a href=""http://www.stat.ufl.edu/jobs/job.php?id=3348"" target=""_blank"">BioStat Solutions, Inc. (BSSI)</a>","Statistical Analyst","12/04/2014"
"538","<a href=""http://www.stat.ufl.edu/jobs/job.php?id=3346"" target=""_blank"">BioStat Solutions, Inc. (BSSI)</a>","Statistician","12/04/2014"
"539","<a href=""http://www.stat.ufl.edu/jobs/job.php?id=3344"" target=""_blank"">BioStat Solutions, Inc. (BSSI)</a>","Research Data Analyst","12/04/2014"
"540","<a href=""http://www.stat.ufl.edu/jobs/job.php?id=3342"" target=""_blank"">Princeton University</a>","Postdoctoral Research Associate","12/03/2014"
"541","<a href=""http://www.stat.ufl.edu/jobs/job.php?id=3340"" target=""_blank"">Mayo Clinic</a>","Postdoctoral Research Fellow","12/03/2014"
"542","<a href=""http://www.stat.ufl.edu/jobs/job.php?id=3330"" target=""_blank"">Cornell University</a>","Post Doctoral","12/02/2014"
"543","<a href=""http://www.stat.ufl.edu/jobs/job.php?id=3320"" target=""_blank"">Wharton Department of Statistics, University of Pennsylvania</a>","Postdoctoral Researcher","12/02/2014"
"544","<a href=""http://www.stat.ufl.edu/jobs/job.php?id=3338"" target=""_blank"">Cornell University</a>","Post Doctoral","12/02/2014"
"545","<a href=""http://www.stat.ufl.edu/jobs/job.php?id=3296"" target=""_blank"">University of Pittsburgh</a>","Postdoctoral Fellowship","11/30/2014"
"546","<a href=""http://www.stat.ufl.edu/jobs/job.php?id=3290"" target=""_blank"">The Jackson Laboratory for Genomic Medicine</a>","Postdoctoral Fellow","11/26/2014"
"547","<a href=""http://www.stat.ufl.edu/jobs/job.php?id=3274"" target=""_blank"">Kaiser Permanente Northern California Division of Research</a>","Scientific Programmer","11/26/2014"
"548","<a href=""http://www.stat.ufl.edu/jobs/job.php?id=3272"" target=""_blank"">University of Arkansas</a>","Assistant Professor","11/26/2014"
"549","<a href=""http://www.stat.ufl.edu/jobs/job.php?id=3257"" target=""_blank"">Institute of Statistics, National Tsing Hua University, Taiwan</a>","Assistant/Associate/Full Professor","11/25/2014"
"550","<a href=""http://www.stat.ufl.edu/jobs/job.php?id=3243"" target=""_blank"">Department of Statistics, Texas A&M University</a>","Postdoctoral Research","11/24/2014"
"551","<a href=""http://www.stat.ufl.edu/jobs/job.php?id=3241"" target=""_blank"">Department of Statistics, Texas A&M University</a>","Postdoctoral Research","11/24/2014"
"552","<a href=""http://www.stat.ufl.edu/jobs/job.php?id=3216"" target=""_blank"">Fred Hutch Cancer Research Center</a>","Assistant Faculty Member","11/21/2014"
"553","<a href=""http://www.stat.ufl.edu/jobs/job.php?id=3211"" target=""_blank"">Harvard School of Public Health</a>","Postdoctoral Research","11/20/2014"
"554","<a href=""http://www.stat.ufl.edu/jobs/job.php?id=3201"" target=""_blank"">The EMMES Corporation</a>","Biostatistician","11/20/2014"
"555","<a href=""http://www.stat.ufl.edu/jobs/job.php?id=3185"" target=""_blank"">University of Mississippi Medical Center</a>","Clinical Data Programmer","11/20/2014"
"556","<a href=""http://www.stat.ufl.edu/jobs/job.php?id=3179"" target=""_blank"">University of Mississippi Medical Center</a>","Associate Director of Data Management","11/20/2014"
"557","<a href=""http://www.stat.ufl.edu/jobs/job.php?id=3181"" target=""_blank"">University of Mississippi Medical Center</a>","Associate Professor","11/20/2014"
"558","<a href=""http://www.stat.ufl.edu/jobs/job.php?id=3183"" target=""_blank"">University of Mississippi Medical Center</a>","Biostatistician I","11/20/2014"
"559","<a href=""http://www.stat.ufl.edu/jobs/job.php?id=3175"" target=""_blank"">Harvard School of Public Health, Department of Epidemiology</a>","Biostatistician","11/20/2014"
"560","<a href=""http://www.stat.ufl.edu/jobs/job.php?id=3165"" target=""_blank"">Division of Cancer Epidemiology and Genetics</a>","Post-doctoral Fellowships","11/19/2014"
"561","<a href=""http://www.stat.ufl.edu/jobs/job.php?id=3151"" target=""_blank"">University of Toledo</a>","Assistant Professor","11/19/2014"
"562","<a href=""http://www.stat.ufl.edu/jobs/job.php?id=3149"" target=""_blank"">BioStat Solutions, Inc. (BSSI)</a>","Research Data Analyst","11/19/2014"
"563","<a href=""http://www.stat.ufl.edu/jobs/job.php?id=3145"" target=""_blank"">BioStat Solutions, Inc.</a>","Statistical Analyst","11/19/2014"
"564","<a href=""http://www.stat.ufl.edu/jobs/job.php?id=3141"" target=""_blank"">BioStat Solutions, Inc.</a>","Statistician","11/19/2014"
"565","<a href=""http://www.stat.ufl.edu/jobs/job.php?id=3135"" target=""_blank"">University of Washington</a>","Faculty Positions","11/18/2014"
"566","<a href=""http://www.stat.ufl.edu/jobs/job.php?id=3124"" target=""_blank"">The University of Michigan- Department of Statistics</a>","Post-Doctoral Fellowship","11/17/2014"
"567","<a href=""http://www.stat.ufl.edu/jobs/job.php?id=3122"" target=""_blank"">Ohio Northern University</a>","Tenure Track Assistant Professor of Statistics","11/17/2014"
"568","<a href=""http://www.stat.ufl.edu/jobs/job.php?id=3101"" target=""_blank"">The Chinese University of Hong Kong, Shenzhen</a>","Professor /Associate Professor/Assistant Professor","11/17/2014"
"569","<a href=""http://www.stat.ufl.edu/jobs/job.php?id=3103"" target=""_blank"">The Roslin Institute</a>","Post-Doc","11/17/2014"
"570","<a href=""http://www.stat.ufl.edu/jobs/job.php?id=3092"" target=""_blank"">Brown University Department of Biostatistics</a>","Assistant/Associate Professor, Teaching Scholar","11/14/2014"
"571","<a href=""http://www.stat.ufl.edu/jobs/job.php?id=3069"" target=""_blank"">Mayo Clinic</a>","Faculty Position in Cancer Center Statistics","11/14/2014"
"572","<a href=""http://www.stat.ufl.edu/jobs/job.php?id=3058"" target=""_blank"">New Jersey Institute of Technology</a>","Assistant/Associate Professor","11/13/2014"
"573","<a href=""http://www.stat.ufl.edu/jobs/job.php?id=3037"" target=""_blank"">University of North Carolina Wilmington</a>","Assistant Professor","11/13/2014"
"574","<a href=""http://www.stat.ufl.edu/jobs/job.php?id=3035"" target=""_blank"">UC Davis, Statistics</a>","Faculty Postions: Full/Associate/Assistant","11/13/2014"
"575","<a href=""http://www.stat.ufl.edu/jobs/job.php?id=2995"" target=""_blank"">NC State University</a>","Grants Proposal Administrator","11/11/2014"
"576","<a href=""http://www.stat.ufl.edu/jobs/job.php?id=2997"" target=""_blank"">NC State University</a>","Tenure-Track Assistant/Associate Professor","11/11/2014"
"577","<a href=""http://www.stat.ufl.edu/jobs/job.php?id=2999"" target=""_blank"">NC State University</a>","Tenure-Track Assistant and Associate Professor","11/11/2014"
"578","<a href=""http://www.stat.ufl.edu/jobs/job.php?id=3001"" target=""_blank"">San Diego State University</a>","Tenure Track Assistant Professor","11/11/2014"
"579","<a href=""http://www.stat.ufl.edu/jobs/job.php?id=2967"" target=""_blank"">Oregon State University</a>","Assistant Professor","11/11/2014"
"580","<a href=""http://www.stat.ufl.edu/jobs/job.php?id=2969"" target=""_blank"">Wright State University</a>","Chair","11/11/2014"
"581","<a href=""http://www.stat.ufl.edu/jobs/job.php?id=2971"" target=""_blank"">University of Maryland</a>","Postdoctoral Position","11/11/2014"
"582","<a href=""http://www.stat.ufl.edu/jobs/job.php?id=2973"" target=""_blank"">The University of Michigan</a>","Lecturer I Position","11/11/2014"
"583","<a href=""http://www.stat.ufl.edu/jobs/job.php?id=2959"" target=""_blank"">University of Washington</a>","Postdoctoral Fellowship","11/11/2014"
"584","<a href=""http://www.stat.ufl.edu/jobs/job.php?id=2957"" target=""_blank"">UPS</a>","Security Analytics Manager","11/10/2014"
"585","<a href=""http://www.stat.ufl.edu/jobs/job.php?id=2952"" target=""_blank"">Oregon State University</a>","Full Professor","11/10/2014"
"586","<a href=""http://www.stat.ufl.edu/jobs/job.php?id=2948"" target=""_blank"">University of Rochester</a>","Postdoctoral Associate","11/10/2014"
"587","<a href=""http://www.stat.ufl.edu/jobs/job.php?id=2941"" target=""_blank"">The Johns Hopkins University</a>","Post-Doctoral Fellow","11/07/2014"
"588","<a href=""http://www.stat.ufl.edu/jobs/job.php?id=2939"" target=""_blank"">Stanford University</a>","Post-Doctoral Fellow","11/07/2014"
"589","<a href=""http://www.stat.ufl.edu/jobs/job.php?id=2930"" target=""_blank"">IBM T. J. Watson Research Center</a>","Postdoctoral Fellowship","11/07/2014"
"590","<a href=""http://www.stat.ufl.edu/jobs/job.php?id=2913"" target=""_blank"">University of Pittsburgh</a>","Postdoctoral Position","11/07/2014"
"591","<a href=""http://www.stat.ufl.edu/jobs/job.php?id=2901"" target=""_blank"">University of Rhode Island</a>","Post-Doctoral Fellow","11/07/2014"
"592","<a href=""http://www.stat.ufl.edu/jobs/job.php?id=2903"" target=""_blank"">National University of Singapore</a>","Assistant/Associate/Full Professor","11/07/2014"
"593","<a href=""http://www.stat.ufl.edu/jobs/job.php?id=2899"" target=""_blank"">University of Rhode Island</a>","Statistics Lecturer","11/07/2014"
"594","<a href=""http://www.stat.ufl.edu/jobs/job.php?id=2895"" target=""_blank"">Michigan State University</a>","Assistant/Associate/Professor","11/07/2014"
"595","<a href=""http://www.stat.ufl.edu/jobs/job.php?id=2893"" target=""_blank"">Fred Hutchinson Cancer Research Center</a>","Clinical Statistics Program Director","11/06/2014"
"596","<a href=""http://www.stat.ufl.edu/jobs/job.php?id=2884"" target=""_blank"">University of Chicago</a>","Postdoctoral Fellow","11/06/2014"
"597","<a href=""http://www.stat.ufl.edu/jobs/job.php?id=2882"" target=""_blank"">Georgia Regents University</a>","Postdoctoral Fellow","11/06/2014"
"598","<a href=""http://www.stat.ufl.edu/jobs/job.php?id=2870"" target=""_blank"">University of Minnesota</a>","Tenure Track Assistant Professor","11/05/2014"
"599","<a href=""http://www.stat.ufl.edu/jobs/job.php?id=2862"" target=""_blank"">McGill University</a>","Assistant Professor","11/05/2014"
"600","<a href=""http://www.stat.ufl.edu/jobs/job.php?id=2857"" target=""_blank"">The University of Texas at San Antonio</a>","Assistant or Associate Professor","11/05/2014"
"601","<a href=""http://www.stat.ufl.edu/jobs/job.php?id=2853"" target=""_blank"">The University of Texas MD Anderson Cancer Center</a>","Postdoctoral Fellow","11/05/2014"
"602","<a href=""http://www.stat.ufl.edu/jobs/job.php?id=2848"" target=""_blank"">Iowa State University</a>","Tenure Track/Tenured Faculty Position","11/04/2014"
"603","<a href=""http://www.stat.ufl.edu/jobs/job.php?id=2844"" target=""_blank"">University of California, Riverside</a>","Assistant Professor","11/04/2014"
"604","<a href=""http://www.stat.ufl.edu/jobs/job.php?id=2827"" target=""_blank"">Lieber Institute for Brain Development</a>","Biostatistician/Bioinformatician","11/04/2014"
"605","<a href=""http://www.stat.ufl.edu/jobs/job.php?id=2824"" target=""_blank"">University of North Carolina</a>","Tenure-Track","11/04/2014"
"606","<a href=""http://www.stat.ufl.edu/jobs/job.php?id=2821"" target=""_blank"">University of Louisville,</a>","Assistant Professor","11/04/2014"
"607","<a href=""http://www.stat.ufl.edu/jobs/job.php?id=2816"" target=""_blank"">University of Cincinnati</a>","Tenure Track Assistant Professor","11/04/2014"
"608","<a href=""http://www.stat.ufl.edu/jobs/job.php?id=2814"" target=""_blank"">University of California, Irvine</a>","Assistant Professor","11/04/2014"
"609","<a href=""http://www.stat.ufl.edu/jobs/job.php?id=2801"" target=""_blank"">University of Pennsylvania</a>","Assistant Professor","11/03/2014"
"610","<a href=""http://www.stat.ufl.edu/jobs/job.php?id=2796"" target=""_blank"">Georgetown University</a>","Assistant Professor","11/03/2014"
"611","<a href=""http://www.stat.ufl.edu/jobs/job.php?id=2777"" target=""_blank"">Dana-Farber Cancer Institute</a>","Research Fellow","11/03/2014"
"612","<a href=""http://www.stat.ufl.edu/jobs/job.php?id=2756"" target=""_blank"">Iowa State University</a>","Open Rank Faculty","11/03/2014"
"613","<a href=""http://www.stat.ufl.edu/jobs/job.php?id=2809"" target=""_blank"">University of Cincinnati</a>","Tenure-Track Assistant Professor","11/03/2014"
"614","<a href=""http://www.stat.ufl.edu/jobs/job.php?id=2807"" target=""_blank"">University of California, Irvine</a>","Assistant Professor","11/03/2014"
"615","<a href=""http://www.stat.ufl.edu/jobs/job.php?id=2717"" target=""_blank"">University of Washington</a>","Tenure","11/02/2014"
"616","<a href=""http://www.stat.ufl.edu/jobs/job.php?id=2719"" target=""_blank"">The Ohio State University</a>","Faculty Positions","11/02/2014"
